timestamp_utc,price_eur,country_code,source_id,ingested_at
2026-08-25 22:00:00,212.4,ES,entsoe_es_dayahead,2026-08-28 21:48:37.970455
2026-08-25 22:15:00,205.0,ES,entsoe_es_dayahead,2026-08-28 21:48:37.970455
2026-08-25 22:30:00,200.0,ES,entsoe_es_dayahead,2026-08-28 21:48:37.970455
2026-08-25 22:45:00,214.0,ES,entsoe_es_dayahead,2026-08-28 21:48:37.970455
2026-08-25 23:00:00,214.0,ES,entsoe_es_dayahead,2026-08-28 21:48:37.970455
2026-08-25 23:15:00,210.0,ES,entsoe_es_dayahead,2026-08-28 21:48:37.970455
2026-08-25 23:30:00,201.99,ES,entsoe_es_dayahead,2026-08-28 21:48:37.970455
2026-08-25 23:45:00,195.51,ES,entsoe_es_dayahead,2026-08-28 21:48:37.970455
2026-08-26 00:00:00,186.0,ES,entsoe_es_dayahead,2026-08-28 21:48:37.970455
2026-08-26 00:15:00,184.39,ES,entsoe_es_dayahead,2026-08-28 21:48:37.970455
2026-08-26 00:30:00,180.92,ES,entsoe_es_dayahead,2026-08-28 21:48:37.970455
2026-08-26 00:45:00,180.0,ES,entsoe_es_dayahead,2026-08-28 21:48:37.970455
2026-08-26 01:00:00,180.0,ES,entsoe_es_dayahead,2026-08-28 21:48:37.970455
2026-08-26 01:15:00,174.61,ES,entsoe_es_dayahead,2026-08-28 21:48:37.970455
2026-08-26 01:30:00,172.04,ES,entsoe_es_dayahead,2026-08-28 21:48:37.970455
2026-08-26 01:45:00,171.21,ES,entsoe_es_dayahead,2026-08-28 21:48:37.970455
2026-08-26 02:00:00,172.04,ES,entsoe_es_dayahead,2026-08-28 21:48:37.970455
2026-08-26 02:15:00,171.21,ES,entsoe_es_dayahead,2026-08-28 21:48:37.970455
2026-08-26 02:30:00,170.68,ES,entsoe_es_dayahead,2026-08-28 21:48:37.970455
2026-08-26 02:45:00,170.68,ES,entsoe_es_dayahead,2026-08-28 21:48:37.970455
2026-08-26 03:00:00,170.64,ES,entsoe_es_dayahead,2026-08-28 21:48:37.970455
2026-08-26 03:15:00,170.46,ES,entsoe_es_dayahead,2026-08-28 21:48:37.970455
2026-08-26 03:30:00,170.64,ES,entsoe_es_dayahead,2026-08-28 21:48:37.970455
2026-08-26 03:45:00,170.64,ES,entsoe_es_dayahead,2026-08-28 21:48:37.970455
2026-08-26 04:00:00,173.79,ES,entsoe_es_dayahead,2026-08-28 21:48:37.970455
2026-08-26 04:15:00,175.04,ES,entsoe_es_dayahead,2026-08-28 21:48:37.970455
2026-08-26 04:30:00,183.34,ES,entsoe_es_dayahead,2026-08-28 21:48:37.970455
2026-08-26 04:45:00,181.19,ES,entsoe_es_dayahead,2026-08-28 21:48:37.970455
2026-08-26 05:00:00,185.0,ES,entsoe_es_dayahead,2026-08-28 21:48:37.970455
2026-08-26 05:15:00,192.01,ES,entsoe_es_dayahead,2026-08-28 21:48:37.970455
2026-08-26 05:30:00,194.51,ES,entsoe_es_dayahead,2026-08-28 21:48:37.970455
2026-08-26 05:45:00,189.4,ES,entsoe_es_dayahead,2026-08-28 21:48:37.970455
2026-08-26 06:00:00,212.12,ES,entsoe_es_dayahead,2026-08-28 21:48:37.970455
2026-08-26 06:15:00,204.49,ES,entsoe_es_dayahead,2026-08-28 21:48:37.970455
2026-08-26 06:30:00,186.55,ES,entsoe_es_dayahead,2026-08-28 21:48:37.970455
2026-08-26 06:45:00,170.92,ES,entsoe_es_dayahead,2026-08-28 21:48:37.970455
2026-08-26 07:00:00,171.11,ES,entsoe_es_dayahead,2026-08-28 21:48:37.970455
2026-08-26 07:15:00,156.5,ES,entsoe_es_dayahead,2026-08-28 21:48:37.970455
2026-08-26 07:30:00,117.16,ES,entsoe_es_dayahead,2026-08-28 21:48:37.970455
2026-08-26 07:45:00,102.14,ES,entsoe_es_dayahead,2026-08-28 21:48:37.970455
2026-08-26 08:00:00,82.4,ES,entsoe_es_dayahead,2026-08-28 21:48:37.970455
2026-08-26 08:15:00,50.0,ES,entsoe_es_dayahead,2026-08-28 21:48:37.970455
2026-08-26 08:30:00,22.7,ES,entsoe_es_dayahead,2026-08-28 21:48:37.970455
2026-08-26 08:45:00,6.01,ES,entsoe_es_dayahead,2026-08-28 21:48:37.970455
2026-08-26 09:00:00,5.0,ES,entsoe_es_dayahead,2026-08-28 21:48:37.970455
2026-08-26 09:15:00,1.5,ES,entsoe_es_dayahead,2026-08-28 21:48:37.970455
2026-08-26 09:30:00,1.08,ES,entsoe_es_dayahead,2026-08-28 21:48:37.970455
2026-08-26 09:45:00,1.0,ES,entsoe_es_dayahead,2026-08-28 21:48:37.970455
2026-08-26 10:00:00,1.0,ES,entsoe_es_dayahead,2026-08-28 21:48:37.970455
2026-08-26 10:15:00,0.51,ES,entsoe_es_dayahead,2026-08-28 21:48:37.970455
2026-08-26 10:30:00,0.01,ES,entsoe_es_dayahead,2026-08-28 21:48:37.970455
2026-08-26 10:45:00,0.01,ES,entsoe_es_dayahead,2026-08-28 21:48:37.970455
2026-08-26 11:00:00,0.0,ES,entsoe_es_dayahead,2026-08-28 21:48:37.970455
2026-08-26 11:15:00,0.0,ES,entsoe_es_dayahead,2026-08-28 21:48:37.970455
2026-08-26 11:30:00,0.0,ES,entsoe_es_dayahead,2026-08-28 21:48:37.970455
2026-08-26 11:45:00,0.0,ES,entsoe_es_dayahead,2026-08-28 21:48:37.970455
2026-08-26 12:00:00,0.0,ES,entsoe_es_dayahead,2026-08-28 21:48:37.970455
2026-08-26 12:15:00,0.0,ES,entsoe_es_dayahead,2026-08-28 21:48:37.970455
2026-08-26 12:30:00,0.0,ES,entsoe_es_dayahead,2026-08-28 21:48:37.970455
2026-08-26 12:45:00,0.0,ES,entsoe_es_dayahead,2026-08-28 21:48:37.970455
2026-08-26 13:00:00,0.0,ES,entsoe_es_dayahead,2026-08-28 21:48:37.970455
2026-08-26 13:15:00,0.0,ES,entsoe_es_dayahead,2026-08-28 21:48:37.970455
2026-08-26 13:30:00,0.0,ES,entsoe_es_dayahead,2026-08-28 21:48:37.970455
2026-08-26 13:45:00,0.0,ES,entsoe_es_dayahead,2026-08-28 21:48:37.970455
2026-08-26 14:00:00,0.0,ES,entsoe_es_dayahead,2026-08-28 21:48:37.970455
2026-08-26 14:15:00,0.0,ES,entsoe_es_dayahead,2026-08-28 21:48:37.970455
2026-08-26 14:30:00,0.01,ES,entsoe_es_dayahead,2026-08-28 21:48:37.970455
2026-08-26 14:45:00,0.01,ES,entsoe_es_dayahead,2026-08-28 21:48:37.970455
2026-08-26 15:00:00,0.51,ES,entsoe_es_dayahead,2026-08-28 21:48:37.970455
2026-08-26 15:15:00,1.08,ES,entsoe_es_dayahead,2026-08-28 21:48:37.970455
2026-08-26 15:30:00,1.08,ES,entsoe_es_dayahead,2026-08-28 21:48:37.970455
2026-08-26 15:45:00,1.9,ES,entsoe_es_dayahead,2026-08-28 21:48:37.970455
2026-08-26 16:00:00,1.09,ES,entsoe_es_dayahead,2026-08-28 21:48:37.970455
2026-08-26 16:15:00,3.43,ES,entsoe_es_dayahead,2026-08-28 21:48:37.970455
2026-08-26 16:30:00,5.88,ES,entsoe_es_dayahead,2026-08-28 21:48:37.970455
2026-08-26 16:45:00,30.34,ES,entsoe_es_dayahead,2026-08-28 21:48:37.970455
2026-08-26 17:00:00,38.66,ES,entsoe_es_dayahead,2026-08-28 21:48:37.970455
2026-08-26 17:15:00,72.5,ES,entsoe_es_dayahead,2026-08-28 21:48:37.970455
2026-08-26 17:30:00,102.4,ES,entsoe_es_dayahead,2026-08-28 21:48:37.970455
2026-08-26 17:45:00,141.57,ES,entsoe_es_dayahead,2026-08-28 21:48:37.970455
2026-08-26 18:00:00,169.48,ES,entsoe_es_dayahead,2026-08-28 21:48:37.970455
2026-08-26 18:15:00,180.01,ES,entsoe_es_dayahead,2026-08-28 21:48:37.970455
2026-08-26 18:30:00,185.89,ES,entsoe_es_dayahead,2026-08-28 21:48:37.970455
2026-08-26 18:45:00,190.5,ES,entsoe_es_dayahead,2026-08-28 21:48:37.970455
2026-08-26 19:00:00,189.22,ES,entsoe_es_dayahead,2026-08-28 21:48:37.970455
2026-08-26 19:15:00,185.65,ES,entsoe_es_dayahead,2026-08-28 21:48:37.970455
2026-08-26 19:30:00,182.45,ES,entsoe_es_dayahead,2026-08-28 21:48:37.970455
2026-08-26 19:45:00,174.3,ES,entsoe_es_dayahead,2026-08-28 21:48:37.970455
2026-08-26 20:00:00,176.28,ES,entsoe_es_dayahead,2026-08-28 21:48:37.970455
2026-08-26 20:15:00,171.03,ES,entsoe_es_dayahead,2026-08-28 21:48:37.970455
2026-08-26 20:30:00,169.4,ES,entsoe_es_dayahead,2026-08-28 21:48:37.970455
2026-08-26 20:45:00,169.4,ES,entsoe_es_dayahead,2026-08-28 21:48:37.970455
2026-08-26 21:00:00,172.03,ES,entsoe_es_dayahead,2026-08-28 21:48:37.970455
2026-08-26 21:15:00,171.03,ES,entsoe_es_dayahead,2026-08-28 21:48:37.970455
2026-08-26 21:30:00,170.46,ES,entsoe_es_dayahead,2026-08-28 21:48:37.970455
2026-08-26 21:45:00,169.4,ES,entsoe_es_dayahead,2026-08-28 21:48:37.970455
2026-08-26 22:00:00,176.67,ES,entsoe_es_dayahead,2026-08-28 21:48:37.970455
2026-08-26 22:15:00,176.67,ES,entsoe_es_dayahead,2026-08-28 21:48:37.970455
2026-08-26 22:30:00,175.88,ES,entsoe_es_dayahead,2026-08-28 21:48:37.970455
2026-08-26 22:45:00,176.46,ES,entsoe_es_dayahead,2026-08-28 21:48:37.970455
2026-08-26 23:00:00,176.46,ES,entsoe_es_dayahead,2026-08-28 21:48:37.970455
2026-08-26 23:15:00,175.0,ES,entsoe_es_dayahead,2026-08-28 21:48:37.970455
2026-08-26 23:30:00,174.0,ES,entsoe_es_dayahead,2026-08-28 21:48:37.970455
2026-08-26 23:45:00,173.3,ES,entsoe_es_dayahead,2026-08-28 21:48:37.970455
2026-08-27 00:00:00,174.88,ES,entsoe_es_dayahead,2026-08-28 21:48:37.970455
2026-08-27 00:15:00,173.94,ES,entsoe_es_dayahead,2026-08-28 21:48:37.970455
2026-08-27 00:30:00,173.94,ES,entsoe_es_dayahead,2026-08-28 21:48:37.970455
2026-08-27 00:45:00,173.3,ES,entsoe_es_dayahead,2026-08-28 21:48:37.970455
2026-08-27 01:00:00,173.3,ES,entsoe_es_dayahead,2026-08-28 21:48:37.970455
2026-08-27 01:15:00,173.0,ES,entsoe_es_dayahead,2026-08-28 21:48:37.970455
2026-08-27 01:30:00,172.2,ES,entsoe_es_dayahead,2026-08-28 21:48:37.970455
2026-08-27 01:45:00,171.41,ES,entsoe_es_dayahead,2026-08-28 21:48:37.970455
2026-08-27 02:00:00,166.28,ES,entsoe_es_dayahead,2026-08-28 21:48:37.970455
2026-08-27 02:15:00,166.28,ES,entsoe_es_dayahead,2026-08-28 21:48:37.970455
2026-08-27 02:30:00,166.28,ES,entsoe_es_dayahead,2026-08-28 21:48:37.970455
2026-08-27 02:45:00,166.28,ES,entsoe_es_dayahead,2026-08-28 21:48:37.970455
2026-08-27 03:00:00,154.93,ES,entsoe_es_dayahead,2026-08-28 21:48:37.970455
2026-08-27 03:15:00,154.93,ES,entsoe_es_dayahead,2026-08-28 21:48:37.970455
2026-08-27 03:30:00,159.99,ES,entsoe_es_dayahead,2026-08-28 21:48:37.970455
2026-08-27 03:45:00,166.28,ES,entsoe_es_dayahead,2026-08-28 21:48:37.970455
2026-08-27 04:00:00,163.22,ES,entsoe_es_dayahead,2026-08-28 21:48:37.970455
2026-08-27 04:15:00,170.8,ES,entsoe_es_dayahead,2026-08-28 21:48:37.970455
2026-08-27 04:30:00,171.4,ES,entsoe_es_dayahead,2026-08-28 21:48:37.970455
2026-08-27 04:45:00,174.55,ES,entsoe_es_dayahead,2026-08-28 21:48:37.970455
2026-08-27 05:00:00,176.67,ES,entsoe_es_dayahead,2026-08-28 21:48:37.970455
2026-08-27 05:15:00,178.04,ES,entsoe_es_dayahead,2026-08-28 21:48:37.970455
2026-08-27 05:30:00,174.88,ES,entsoe_es_dayahead,2026-08-28 21:48:37.970455
2026-08-27 05:45:00,173.3,ES,entsoe_es_dayahead,2026-08-28 21:48:37.970455
2026-08-27 06:00:00,184.18,ES,entsoe_es_dayahead,2026-08-28 21:48:37.970455
2026-08-27 06:15:00,176.46,ES,entsoe_es_dayahead,2026-08-28 21:48:37.970455
2026-08-27 06:30:00,173.63,ES,entsoe_es_dayahead,2026-08-28 21:48:37.970455
2026-08-27 06:45:00,170.2,ES,entsoe_es_dayahead,2026-08-28 21:48:37.970455
2026-08-27 07:00:00,180.01,ES,entsoe_es_dayahead,2026-08-28 21:48:37.970455
2026-08-27 07:15:00,172.99,ES,entsoe_es_dayahead,2026-08-28 21:48:37.970455
2026-08-27 07:30:00,151.39,ES,entsoe_es_dayahead,2026-08-28 21:48:37.970455
2026-08-27 07:45:00,127.99,ES,entsoe_es_dayahead,2026-08-28 21:48:37.970455
2026-08-27 08:00:00,124.57,ES,entsoe_es_dayahead,2026-08-28 21:48:37.970455
2026-08-27 08:15:00,103.18,ES,entsoe_es_dayahead,2026-08-28 21:48:37.970455
2026-08-27 08:30:00,90.49,ES,entsoe_es_dayahead,2026-08-28 21:48:37.970455
2026-08-27 08:45:00,60.2,ES,entsoe_es_dayahead,2026-08-28 21:48:37.970455
2026-08-27 09:00:00,38.77,ES,entsoe_es_dayahead,2026-08-28 21:48:37.970455
2026-08-27 09:15:00,19.38,ES,entsoe_es_dayahead,2026-08-28 21:48:37.970455
2026-08-27 09:30:00,7.51,ES,entsoe_es_dayahead,2026-08-28 21:48:37.970455
2026-08-27 09:45:00,5.88,ES,entsoe_es_dayahead,2026-08-28 21:48:37.970455
2026-08-27 10:00:00,5.1,ES,entsoe_es_dayahead,2026-08-28 21:48:37.970455
2026-08-27 10:15:00,3.43,ES,entsoe_es_dayahead,2026-08-28 21:48:37.970455
2026-08-27 10:30:00,2.81,ES,entsoe_es_dayahead,2026-08-28 21:48:37.970455
2026-08-27 10:45:00,2.0,ES,entsoe_es_dayahead,2026-08-28 21:48:37.970455
2026-08-27 11:00:00,1.85,ES,entsoe_es_dayahead,2026-08-28 21:48:37.970455
2026-08-27 11:15:00,1.5,ES,entsoe_es_dayahead,2026-08-28 21:48:37.970455
2026-08-27 11:30:00,1.15,ES,entsoe_es_dayahead,2026-08-28 21:48:37.970455
2026-08-27 11:45:00,1.08,ES,entsoe_es_dayahead,2026-08-28 21:48:37.970455
2026-08-27 12:00:00,1.08,ES,entsoe_es_dayahead,2026-08-28 21:48:37.970455
2026-08-27 12:15:00,1.0,ES,entsoe_es_dayahead,2026-08-28 21:48:37.970455
2026-08-27 12:30:00,1.0,ES,entsoe_es_dayahead,2026-08-28 21:48:37.970455
2026-08-27 12:45:00,0.66,ES,entsoe_es_dayahead,2026-08-28 21:48:37.970455
2026-08-27 13:00:00,0.51,ES,entsoe_es_dayahead,2026-08-28 21:48:37.970455
2026-08-27 13:15:00,0.51,ES,entsoe_es_dayahead,2026-08-28 21:48:37.970455
2026-08-27 13:30:00,0.51,ES,entsoe_es_dayahead,2026-08-28 21:48:37.970455
2026-08-27 13:45:00,0.51,ES,entsoe_es_dayahead,2026-08-28 21:48:37.970455
2026-08-27 14:00:00,0.51,ES,entsoe_es_dayahead,2026-08-28 21:48:37.970455
2026-08-27 14:15:00,0.51,ES,entsoe_es_dayahead,2026-08-28 21:48:37.970455
2026-08-27 14:30:00,0.66,ES,entsoe_es_dayahead,2026-08-28 21:48:37.970455
2026-08-27 14:45:00,1.0,ES,entsoe_es_dayahead,2026-08-28 21:48:37.970455
2026-08-27 15:00:00,1.05,ES,entsoe_es_dayahead,2026-08-28 21:48:37.970455
2026-08-27 15:15:00,1.08,ES,entsoe_es_dayahead,2026-08-28 21:48:37.970455
2026-08-27 15:30:00,2.2,ES,entsoe_es_dayahead,2026-08-28 21:48:37.970455
2026-08-27 15:45:00,3.43,ES,entsoe_es_dayahead,2026-08-28 21:48:37.970455
2026-08-27 16:00:00,5.88,ES,entsoe_es_dayahead,2026-08-28 21:48:37.970455
2026-08-27 16:15:00,7.51,ES,entsoe_es_dayahead,2026-08-28 21:48:37.970455
2026-08-27 16:30:00,19.08,ES,entsoe_es_dayahead,2026-08-28 21:48:37.970455
2026-08-27 16:45:00,49.0,ES,entsoe_es_dayahead,2026-08-28 21:48:37.970455
2026-08-27 17:00:00,67.99,ES,entsoe_es_dayahead,2026-08-28 21:48:37.970455
2026-08-27 17:15:00,100.0,ES,entsoe_es_dayahead,2026-08-28 21:48:37.970455
2026-08-27 17:30:00,115.0,ES,entsoe_es_dayahead,2026-08-28 21:48:37.970455
2026-08-27 17:45:00,165.0,ES,entsoe_es_dayahead,2026-08-28 21:48:37.970455
2026-08-27 18:00:00,159.35,ES,entsoe_es_dayahead,2026-08-28 21:48:37.970455
2026-08-27 18:15:00,171.4,ES,entsoe_es_dayahead,2026-08-28 21:48:37.970455
2026-08-27 18:30:00,176.67,ES,entsoe_es_dayahead,2026-08-28 21:48:37.970455
2026-08-27 18:45:00,185.0,ES,entsoe_es_dayahead,2026-08-28 21:48:37.970455
2026-08-27 19:00:00,180.03,ES,entsoe_es_dayahead,2026-08-28 21:48:37.970455
2026-08-27 19:15:00,185.02,ES,entsoe_es_dayahead,2026-08-28 21:48:37.970455
2026-08-27 19:30:00,179.73,ES,entsoe_es_dayahead,2026-08-28 21:48:37.970455
2026-08-27 19:45:00,180.01,ES,entsoe_es_dayahead,2026-08-28 21:48:37.970455
2026-08-27 20:00:00,188.55,ES,entsoe_es_dayahead,2026-08-28 21:48:37.970455
2026-08-27 20:15:00,183.18,ES,entsoe_es_dayahead,2026-08-28 21:48:37.970455
2026-08-27 20:30:00,182.0,ES,entsoe_es_dayahead,2026-08-28 21:48:37.970455
2026-08-27 20:45:00,176.46,ES,entsoe_es_dayahead,2026-08-28 21:48:37.970455
2026-08-27 21:00:00,174.88,ES,entsoe_es_dayahead,2026-08-28 21:48:37.970455
2026-08-27 21:15:00,170.61,ES,entsoe_es_dayahead,2026-08-28 21:48:37.970455
2026-08-27 21:30:00,166.49,ES,entsoe_es_dayahead,2026-08-28 21:48:37.970455
2026-08-27 21:45:00,155.41,ES,entsoe_es_dayahead,2026-08-28 21:48:37.970455
2026-08-27 22:00:00,180.01,ES,entsoe_es_dayahead,2026-08-28 21:48:37.970455
2026-08-27 22:15:00,174.0,ES,entsoe_es_dayahead,2026-08-28 21:48:37.970455
2026-08-27 22:30:00,171.56,ES,entsoe_es_dayahead,2026-08-28 21:48:37.970455
2026-08-27 22:45:00,168.24,ES,entsoe_es_dayahead,2026-08-28 21:48:37.970455
2026-08-27 23:00:00,168.2,ES,entsoe_es_dayahead,2026-08-28 21:48:37.970455
2026-08-27 23:15:00,161.8,ES,entsoe_es_dayahead,2026-08-28 21:48:37.970455
2026-08-27 23:30:00,158.12,ES,entsoe_es_dayahead,2026-08-28 21:48:37.970455
2026-08-27 23:45:00,149.36,ES,entsoe_es_dayahead,2026-08-28 21:48:37.970455
2026-08-28 00:00:00,161.07,ES,entsoe_es_dayahead,2026-08-28 21:48:37.970455
2026-08-28 00:15:00,151.05,ES,entsoe_es_dayahead,2026-08-28 21:48:37.970455
2026-08-28 00:30:00,148.11,ES,entsoe_es_dayahead,2026-08-28 21:48:37.970455
2026-08-28 00:45:00,142.76,ES,entsoe_es_dayahead,2026-08-28 21:48:37.970455
2026-08-28 01:00:00,147.7,ES,entsoe_es_dayahead,2026-08-28 21:48:37.970455
2026-08-28 01:15:00,145.34,ES,entsoe_es_dayahead,2026-08-28 21:48:37.970455
2026-08-28 01:30:00,143.96,ES,entsoe_es_dayahead,2026-08-28 21:48:37.970455
2026-08-28 01:45:00,141.56,ES,entsoe_es_dayahead,2026-08-28 21:48:37.970455
2026-08-28 02:00:00,142.63,ES,entsoe_es_dayahead,2026-08-28 21:48:37.970455
2026-08-28 02:15:00,145.31,ES,entsoe_es_dayahead,2026-08-28 21:48:37.970455
2026-08-28 02:30:00,146.04,ES,entsoe_es_dayahead,2026-08-28 21:48:37.970455
2026-08-28 02:45:00,145.5,ES,entsoe_es_dayahead,2026-08-28 21:48:37.970455
2026-08-28 03:00:00,141.56,ES,entsoe_es_dayahead,2026-08-28 21:48:37.970455
2026-08-28 03:15:00,146.65,ES,entsoe_es_dayahead,2026-08-28 21:48:37.970455
2026-08-28 03:30:00,154.67,ES,entsoe_es_dayahead,2026-08-28 21:48:37.970455
2026-08-28 03:45:00,167.05,ES,entsoe_es_dayahead,2026-08-28 21:48:37.970455
2026-08-28 04:00:00,168.17,ES,entsoe_es_dayahead,2026-08-28 21:48:37.970455
2026-08-28 04:15:00,176.21,ES,entsoe_es_dayahead,2026-08-28 21:48:37.970455
2026-08-28 04:30:00,178.04,ES,entsoe_es_dayahead,2026-08-28 21:48:37.970455
2026-08-28 04:45:00,176.67,ES,entsoe_es_dayahead,2026-08-28 21:48:37.970455
2026-08-28 05:00:00,182.9,ES,entsoe_es_dayahead,2026-08-28 21:48:37.970455
2026-08-28 05:15:00,183.3,ES,entsoe_es_dayahead,2026-08-28 21:48:37.970455
2026-08-28 05:30:00,180.16,ES,entsoe_es_dayahead,2026-08-28 21:48:37.970455
2026-08-28 05:45:00,176.93,ES,entsoe_es_dayahead,2026-08-28 21:48:37.970455
2026-08-28 06:00:00,192.13,ES,entsoe_es_dayahead,2026-08-28 21:48:37.970455
2026-08-28 06:15:00,176.67,ES,entsoe_es_dayahead,2026-08-28 21:48:37.970455
2026-08-28 06:30:00,168.4,ES,entsoe_es_dayahead,2026-08-28 21:48:37.970455
2026-08-28 06:45:00,132.8,ES,entsoe_es_dayahead,2026-08-28 21:48:37.970455
2026-08-28 07:00:00,125.0,ES,entsoe_es_dayahead,2026-08-28 21:48:37.970455
2026-08-28 07:15:00,102.14,ES,entsoe_es_dayahead,2026-08-28 21:48:37.970455
2026-08-28 07:30:00,68.0,ES,entsoe_es_dayahead,2026-08-28 21:48:37.970455
2026-08-28 07:45:00,24.11,ES,entsoe_es_dayahead,2026-08-28 21:48:37.970455
2026-08-28 08:00:00,7.51,ES,entsoe_es_dayahead,2026-08-28 21:48:37.970455
2026-08-28 08:15:00,2.49,ES,entsoe_es_dayahead,2026-08-28 21:48:37.970455
2026-08-28 08:30:00,1.08,ES,entsoe_es_dayahead,2026-08-28 21:48:37.970455
2026-08-28 08:45:00,1.0,ES,entsoe_es_dayahead,2026-08-28 21:48:37.970455
2026-08-28 09:00:00,0.51,ES,entsoe_es_dayahead,2026-08-28 21:48:37.970455
2026-08-28 09:15:00,0.01,ES,entsoe_es_dayahead,2026-08-28 21:48:37.970455
2026-08-28 09:30:00,0.01,ES,entsoe_es_dayahead,2026-08-28 21:48:37.970455
2026-08-28 09:45:00,0.0,ES,entsoe_es_dayahead,2026-08-28 21:48:37.970455
2026-08-28 10:00:00,0.0,ES,entsoe_es_dayahead,2026-08-28 21:48:37.970455
2026-08-28 10:15:00,0.0,ES,entsoe_es_dayahead,2026-08-28 21:48:37.970455
2026-08-28 10:30:00,0.0,ES,entsoe_es_dayahead,2026-08-28 21:48:37.970455
2026-08-28 10:45:00,0.0,ES,entsoe_es_dayahead,2026-08-28 21:48:37.970455
2026-08-28 11:00:00,0.01,ES,entsoe_es_dayahead,2026-08-28 21:48:37.970455
2026-08-28 11:15:00,0.01,ES,entsoe_es_dayahead,2026-08-28 21:48:37.970455
2026-08-28 11:30:00,0.01,ES,entsoe_es_dayahead,2026-08-28 21:48:37.970455
2026-08-28 11:45:00,0.01,ES,entsoe_es_dayahead,2026-08-28 21:48:37.970455
2026-08-28 12:00:00,0.01,ES,entsoe_es_dayahead,2026-08-28 21:48:37.970455
2026-08-28 12:15:00,0.01,ES,entsoe_es_dayahead,2026-08-28 21:48:37.970455
2026-08-28 12:30:00,0.01,ES,entsoe_es_dayahead,2026-08-28 21:48:37.970455
2026-08-28 12:45:00,0.0,ES,entsoe_es_dayahead,2026-08-28 21:48:37.970455
2026-08-28 13:00:00,0.0,ES,entsoe_es_dayahead,2026-08-28 21:48:37.970455
2026-08-28 13:15:00,0.0,ES,entsoe_es_dayahead,2026-08-28 21:48:37.970455
2026-08-28 13:30:00,0.0,ES,entsoe_es_dayahead,2026-08-28 21:48:37.970455
2026-08-28 13:45:00,0.0,ES,entsoe_es_dayahead,2026-08-28 21:48:37.970455
2026-08-28 14:00:00,0.0,ES,entsoe_es_dayahead,2026-08-28 21:48:37.970455
2026-08-28 14:15:00,0.0,ES,entsoe_es_dayahead,2026-08-28 21:48:37.970455
2026-08-28 14:30:00,0.0,ES,entsoe_es_dayahead,2026-08-28 21:48:37.970455
2026-08-28 14:45:00,0.01,ES,entsoe_es_dayahead,2026-08-28 21:48:37.970455
2026-08-28 15:00:00,0.51,ES,entsoe_es_dayahead,2026-08-28 21:48:37.970455
2026-08-28 15:15:00,1.08,ES,entsoe_es_dayahead,2026-08-28 21:48:37.970455
2026-08-28 15:30:00,1.08,ES,entsoe_es_dayahead,2026-08-28 21:48:37.970455
2026-08-28 15:45:00,1.9,ES,entsoe_es_dayahead,2026-08-28 21:48:37.970455
2026-08-28 16:00:00,2.5,ES,entsoe_es_dayahead,2026-08-28 21:48:37.970455
2026-08-28 16:15:00,7.96,ES,entsoe_es_dayahead,2026-08-28 21:48:37.970455
2026-08-28 16:30:00,38.66,ES,entsoe_es_dayahead,2026-08-28 21:48:37.970455
2026-08-28 16:45:00,89.49,ES,entsoe_es_dayahead,2026-08-28 21:48:37.970455
2026-08-28 17:00:00,102.4,ES,entsoe_es_dayahead,2026-08-28 21:48:37.970455
2026-08-28 17:15:00,136.71,ES,entsoe_es_dayahead,2026-08-28 21:48:37.970455
2026-08-28 17:30:00,174.88,ES,entsoe_es_dayahead,2026-08-28 21:48:37.970455
2026-08-28 17:45:00,195.68,ES,entsoe_es_dayahead,2026-08-28 21:48:37.970455
2026-08-28 18:00:00,174.88,ES,entsoe_es_dayahead,2026-08-28 21:48:37.970455
2026-08-28 18:15:00,178.8,ES,entsoe_es_dayahead,2026-08-28 21:48:37.970455
2026-08-28 18:30:00,188.91,ES,entsoe_es_dayahead,2026-08-28 21:48:37.970455
2026-08-28 18:45:00,212.07,ES,entsoe_es_dayahead,2026-08-28 21:48:37.970455
2026-08-28 19:00:00,214.0,ES,entsoe_es_dayahead,2026-08-28 21:48:37.970455
2026-08-28 19:15:00,216.0,ES,entsoe_es_dayahead,2026-08-28 21:48:37.970455
2026-08-28 19:30:00,215.0,ES,entsoe_es_dayahead,2026-08-28 21:48:37.970455
2026-08-28 19:45:00,214.0,ES,entsoe_es_dayahead,2026-08-28 21:48:37.970455
2026-08-28 20:00:00,200.34,ES,entsoe_es_dayahead,2026-08-28 21:48:37.970455
2026-08-28 20:15:00,194.31,ES,entsoe_es_dayahead,2026-08-28 21:48:37.970455
2026-08-28 20:30:00,183.45,ES,entsoe_es_dayahead,2026-08-28 21:48:37.970455
2026-08-28 20:45:00,178.04,ES,entsoe_es_dayahead,2026-08-28 21:48:37.970455
2026-08-28 21:00:00,182.74,ES,entsoe_es_dayahead,2026-08-28 21:48:37.970455
2026-08-28 21:15:00,179.0,ES,entsoe_es_dayahead,2026-08-28 21:48:37.970455
2026-08-28 21:30:00,176.67,ES,entsoe_es_dayahead,2026-08-28 21:48:37.970455
2026-08-28 21:45:00,174.88,ES,entsoe_es_dayahead,2026-08-28 21:48:37.970455
2026-08-28 22:00:00,188.91,ES,entsoe_es_dayahead,2026-08-28 21:48:37.970455
2026-08-28 22:15:00,187.72,ES,entsoe_es_dayahead,2026-08-28 21:48:37.970455
2026-08-28 22:30:00,185.0,ES,entsoe_es_dayahead,2026-08-28 21:48:37.970455
2026-08-28 22:45:00,195.56,ES,entsoe_es_dayahead,2026-08-28 21:48:37.970455
2026-08-28 23:00:00,190.81,ES,entsoe_es_dayahead,2026-08-28 21:48:37.970455
2026-08-28 23:15:00,187.72,ES,entsoe_es_dayahead,2026-08-28 21:48:37.970455
2026-08-28 23:30:00,181.5,ES,entsoe_es_dayahead,2026-08-28 21:48:37.970455
2026-08-28 23:45:00,180.52,ES,entsoe_es_dayahead,2026-08-28 21:48:37.970455
2026-08-29 00:00:00,187.72,ES,entsoe_es_dayahead,2026-08-28 21:48:37.970455
2026-08-29 00:15:00,185.08,ES,entsoe_es_dayahead,2026-08-28 21:48:37.970455
2026-08-29 00:30:00,180.52,ES,entsoe_es_dayahead,2026-08-28 21:48:37.970455
2026-08-29 00:45:00,180.52,ES,entsoe_es_dayahead,2026-08-28 21:48:37.970455
2026-08-29 01:00:00,180.0,ES,entsoe_es_dayahead,2026-08-28 21:48:37.970455
2026-08-29 01:15:00,179.0,ES,entsoe_es_dayahead,2026-08-28 21:48:37.970455
2026-08-29 01:30:00,179.0,ES,entsoe_es_dayahead,2026-08-28 21:48:37.970455
2026-08-29 01:45:00,178.2,ES,entsoe_es_dayahead,2026-08-28 21:48:37.970455
2026-08-29 02:00:00,176.0,ES,entsoe_es_dayahead,2026-08-28 21:48:37.970455
2026-08-29 02:15:00,175.94,ES,entsoe_es_dayahead,2026-08-28 21:48:37.970455
2026-08-29 02:30:00,175.94,ES,entsoe_es_dayahead,2026-08-28 21:48:37.970455
2026-08-29 02:45:00,175.5,ES,entsoe_es_dayahead,2026-08-28 21:48:37.970455
2026-08-29 03:00:00,175.9,ES,entsoe_es_dayahead,2026-08-28 21:48:37.970455
2026-08-29 03:15:00,175.53,ES,entsoe_es_dayahead,2026-08-28 21:48:37.970455
2026-08-29 03:30:00,175.0,ES,entsoe_es_dayahead,2026-08-28 21:48:37.970455
2026-08-29 03:45:00,175.4,ES,entsoe_es_dayahead,2026-08-28 21:48:37.970455
2026-08-29 04:00:00,175.0,ES,entsoe_es_dayahead,2026-08-28 21:48:37.970455
2026-08-29 04:15:00,175.4,ES,entsoe_es_dayahead,2026-08-28 21:48:37.970455
2026-08-29 04:30:00,175.9,ES,entsoe_es_dayahead,2026-08-28 21:48:37.970455
2026-08-29 04:45:00,175.9,ES,entsoe_es_dayahead,2026-08-28 21:48:37.970455
2026-08-29 05:00:00,178.2,ES,entsoe_es_dayahead,2026-08-28 21:48:37.970455
2026-08-29 05:15:00,177.64,ES,entsoe_es_dayahead,2026-08-28 21:48:37.970455
2026-08-29 05:30:00,176.01,ES,entsoe_es_dayahead,2026-08-28 21:48:37.970455
2026-08-29 05:45:00,174.46,ES,entsoe_es_dayahead,2026-08-28 21:48:37.970455
2026-08-29 06:00:00,174.46,ES,entsoe_es_dayahead,2026-08-28 21:48:37.970455
2026-08-29 06:15:00,143.17,ES,entsoe_es_dayahead,2026-08-28 21:48:37.970455
2026-08-29 06:30:00,120.0,ES,entsoe_es_dayahead,2026-08-28 21:48:37.970455
2026-08-29 06:45:00,81.08,ES,entsoe_es_dayahead,2026-08-28 21:48:37.970455
2026-08-29 07:00:00,40.95,ES,entsoe_es_dayahead,2026-08-28 21:48:37.970455
2026-08-29 07:15:00,4.0,ES,entsoe_es_dayahead,2026-08-28 21:48:37.970455
2026-08-29 07:30:00,1.08,ES,entsoe_es_dayahead,2026-08-28 21:48:37.970455
2026-08-29 07:45:00,0.0,ES,entsoe_es_dayahead,2026-08-28 21:48:37.970455
2026-08-29 08:00:00,0.0,ES,entsoe_es_dayahead,2026-08-28 21:48:37.970455
2026-08-29 08:15:00,0.0,ES,entsoe_es_dayahead,2026-08-28 21:48:37.970455
2026-08-29 08:30:00,-0.01,ES,entsoe_es_dayahead,2026-08-28 21:48:37.970455
2026-08-29 08:45:00,-0.01,ES,entsoe_es_dayahead,2026-08-28 21:48:37.970455
2026-08-29 09:00:00,-0.01,ES,entsoe_es_dayahead,2026-08-28 21:48:37.970455
2026-08-29 09:15:00,-0.02,ES,entsoe_es_dayahead,2026-08-28 21:48:37.970455
2026-08-29 09:30:00,-0.1,ES,entsoe_es_dayahead,2026-08-28 21:48:37.970455
2026-08-29 09:45:00,-0.19,ES,entsoe_es_dayahead,2026-08-28 21:48:37.970455
2026-08-29 10:00:00,-0.5,ES,entsoe_es_dayahead,2026-08-28 21:48:37.970455
2026-08-29 10:15:00,-0.51,ES,entsoe_es_dayahead,2026-08-28 21:48:37.970455
2026-08-29 10:30:00,-0.5,ES,entsoe_es_dayahead,2026-08-28 21:48:37.970455
2026-08-29 10:45:00,-0.5,ES,entsoe_es_dayahead,2026-08-28 21:48:37.970455
2026-08-29 11:00:00,-0.5,ES,entsoe_es_dayahead,2026-08-28 21:48:37.970455
2026-08-29 11:15:00,-0.3,ES,entsoe_es_dayahead,2026-08-28 21:48:37.970455
2026-08-29 11:30:00,-0.5,ES,entsoe_es_dayahead,2026-08-28 21:48:37.970455
2026-08-29 11:45:00,-0.5,ES,entsoe_es_dayahead,2026-08-28 21:48:37.970455
2026-08-29 12:00:00,-0.5,ES,entsoe_es_dayahead,2026-08-28 21:48:37.970455
2026-08-29 12:15:00,-0.5,ES,entsoe_es_dayahead,2026-08-28 21:48:37.970455
2026-08-29 12:30:00,-0.5,ES,entsoe_es_dayahead,2026-08-28 21:48:37.970455
2026-08-29 12:45:00,-0.5,ES,entsoe_es_dayahead,2026-08-28 21:48:37.970455
2026-08-29 13:00:00,-0.7,ES,entsoe_es_dayahead,2026-08-28 21:48:37.970455
2026-08-29 13:15:00,-0.75,ES,entsoe_es_dayahead,2026-08-28 21:48:37.970455
2026-08-29 13:30:00,-0.77,ES,entsoe_es_dayahead,2026-08-28 21:48:37.970455
2026-08-29 13:45:00,-0.7,ES,entsoe_es_dayahead,2026-08-28 21:48:37.970455
2026-08-29 14:00:00,-0.5,ES,entsoe_es_dayahead,2026-08-28 21:48:37.970455
2026-08-29 14:15:00,-0.5,ES,entsoe_es_dayahead,2026-08-28 21:48:37.970455
2026-08-29 14:30:00,-0.3,ES,entsoe_es_dayahead,2026-08-28 21:48:37.970455
2026-08-29 14:45:00,-0.1,ES,entsoe_es_dayahead,2026-08-28 21:48:37.970455
2026-08-29 15:00:00,-0.02,ES,entsoe_es_dayahead,2026-08-28 21:48:37.970455
2026-08-29 15:15:00,-0.01,ES,entsoe_es_dayahead,2026-08-28 21:48:37.970455
2026-08-29 15:30:00,-0.01,ES,entsoe_es_dayahead,2026-08-28 21:48:37.970455
2026-08-29 15:45:00,-0.01,ES,entsoe_es_dayahead,2026-08-28 21:48:37.970455
2026-08-29 16:00:00,0.0,ES,entsoe_es_dayahead,2026-08-28 21:48:37.970455
2026-08-29 16:15:00,0.43,ES,entsoe_es_dayahead,2026-08-28 21:48:37.970455
2026-08-29 16:30:00,1.15,ES,entsoe_es_dayahead,2026-08-28 21:48:37.970455
2026-08-29 16:45:00,30.0,ES,entsoe_es_dayahead,2026-08-28 21:48:37.970455
2026-08-29 17:00:00,33.05,ES,entsoe_es_dayahead,2026-08-28 21:48:37.970455
2026-08-29 17:15:00,93.3,ES,entsoe_es_dayahead,2026-08-28 21:48:37.970455
2026-08-29 17:30:00,123.3,ES,entsoe_es_dayahead,2026-08-28 21:48:37.970455
2026-08-29 17:45:00,150.6,ES,entsoe_es_dayahead,2026-08-28 21:48:37.970455
2026-08-29 18:00:00,145.34,ES,entsoe_es_dayahead,2026-08-28 21:48:37.970455
2026-08-29 18:15:00,176.34,ES,entsoe_es_dayahead,2026-08-28 21:48:37.970455
2026-08-29 18:30:00,185.02,ES,entsoe_es_dayahead,2026-08-28 21:48:37.970455
2026-08-29 18:45:00,204.5,ES,entsoe_es_dayahead,2026-08-28 21:48:37.970455
2026-08-29 19:00:00,204.98,ES,entsoe_es_dayahead,2026-08-28 21:48:37.970455
2026-08-29 19:15:00,215.0,ES,entsoe_es_dayahead,2026-08-28 21:48:37.970455
2026-08-29 19:30:00,216.0,ES,entsoe_es_dayahead,2026-08-28 21:48:37.970455
2026-08-29 19:45:00,216.0,ES,entsoe_es_dayahead,2026-08-28 21:48:37.970455
2026-08-29 20:00:00,217.0,ES,entsoe_es_dayahead,2026-08-28 21:48:37.970455
2026-08-29 20:15:00,215.0,ES,entsoe_es_dayahead,2026-08-28 21:48:37.970455
2026-08-29 20:30:00,205.0,ES,entsoe_es_dayahead,2026-08-28 21:48:37.970455
2026-08-29 20:45:00,200.34,ES,entsoe_es_dayahead,2026-08-28 21:48:37.970455
2026-08-29 21:00:00,203.81,ES,entsoe_es_dayahead,2026-08-28 21:48:37.970455
2026-08-29 21:15:00,198.5,ES,entsoe_es_dayahead,2026-08-28 21:48:37.970455
2026-08-29 21:30:00,188.04,ES,entsoe_es_dayahead,2026-08-28 21:48:37.970455
2026-08-29 21:45:00,185.18,ES,entsoe_es_dayahead,2026-08-28 21:48:37.970455
2026-08-25 22:00:00,208.4,RO,entsoe_ro_dayahead,2026-08-28 21:49:40.473405
2026-08-25 22:15:00,199.93,RO,entsoe_ro_dayahead,2026-08-28 21:49:40.473405
2026-08-25 22:30:00,181.15,RO,entsoe_ro_dayahead,2026-08-28 21:49:40.473405
2026-08-25 22:45:00,159.36,RO,entsoe_ro_dayahead,2026-08-28 21:49:40.473405
2026-08-25 23:00:00,181.92,RO,entsoe_ro_dayahead,2026-08-28 21:49:40.473405
2026-08-25 23:15:00,176.2,RO,entsoe_ro_dayahead,2026-08-28 21:49:40.473405
2026-08-25 23:30:00,167.12,RO,entsoe_ro_dayahead,2026-08-28 21:49:40.473405
2026-08-25 23:45:00,162.3,RO,entsoe_ro_dayahead,2026-08-28 21:49:40.473405
2026-08-26 00:00:00,183.21,RO,entsoe_ro_dayahead,2026-08-28 21:49:40.473405
2026-08-26 00:15:00,181.32,RO,entsoe_ro_dayahead,2026-08-28 21:49:40.473405
2026-08-26 00:30:00,181.26,RO,entsoe_ro_dayahead,2026-08-28 21:49:40.473405
2026-08-26 00:45:00,179.25,RO,entsoe_ro_dayahead,2026-08-28 21:49:40.473405
2026-08-26 01:00:00,186.86,RO,entsoe_ro_dayahead,2026-08-28 21:49:40.473405
2026-08-26 01:15:00,188.58,RO,entsoe_ro_dayahead,2026-08-28 21:49:40.473405
2026-08-26 01:30:00,183.91,RO,entsoe_ro_dayahead,2026-08-28 21:49:40.473405
2026-08-26 01:45:00,180.63,RO,entsoe_ro_dayahead,2026-08-28 21:49:40.473405
2026-08-26 02:00:00,179.57,RO,entsoe_ro_dayahead,2026-08-28 21:49:40.473405
2026-08-26 02:15:00,176.98,RO,entsoe_ro_dayahead,2026-08-28 21:49:40.473405
2026-08-26 02:30:00,180.44,RO,entsoe_ro_dayahead,2026-08-28 21:49:40.473405
2026-08-26 02:45:00,181.57,RO,entsoe_ro_dayahead,2026-08-28 21:49:40.473405
2026-08-26 03:00:00,181.39,RO,entsoe_ro_dayahead,2026-08-28 21:49:40.473405
2026-08-26 03:15:00,201.45,RO,entsoe_ro_dayahead,2026-08-28 21:49:40.473405
2026-08-26 03:30:00,204.76,RO,entsoe_ro_dayahead,2026-08-28 21:49:40.473405
2026-08-26 03:45:00,207.21,RO,entsoe_ro_dayahead,2026-08-28 21:49:40.473405
2026-08-26 04:00:00,202.67,RO,entsoe_ro_dayahead,2026-08-28 21:49:40.473405
2026-08-26 04:15:00,209.29,RO,entsoe_ro_dayahead,2026-08-28 21:49:40.473405
2026-08-26 04:30:00,202.51,RO,entsoe_ro_dayahead,2026-08-28 21:49:40.473405
2026-08-26 04:45:00,203.68,RO,entsoe_ro_dayahead,2026-08-28 21:49:40.473405
2026-08-26 05:00:00,222.84,RO,entsoe_ro_dayahead,2026-08-28 21:49:40.473405
2026-08-26 05:15:00,211.44,RO,entsoe_ro_dayahead,2026-08-28 21:49:40.473405
2026-08-26 05:30:00,197.24,RO,entsoe_ro_dayahead,2026-08-28 21:49:40.473405
2026-08-26 05:45:00,189.4,RO,entsoe_ro_dayahead,2026-08-28 21:49:40.473405
2026-08-26 06:00:00,212.12,RO,entsoe_ro_dayahead,2026-08-28 21:49:40.473405
2026-08-26 06:15:00,204.49,RO,entsoe_ro_dayahead,2026-08-28 21:49:40.473405
2026-08-26 06:30:00,186.55,RO,entsoe_ro_dayahead,2026-08-28 21:49:40.473405
2026-08-26 06:45:00,170.92,RO,entsoe_ro_dayahead,2026-08-28 21:49:40.473405
2026-08-26 07:00:00,191.42,RO,entsoe_ro_dayahead,2026-08-28 21:49:40.473405
2026-08-26 07:15:00,180.65,RO,entsoe_ro_dayahead,2026-08-28 21:49:40.473405
2026-08-26 07:30:00,169.37,RO,entsoe_ro_dayahead,2026-08-28 21:49:40.473405
2026-08-26 07:45:00,153.67,RO,entsoe_ro_dayahead,2026-08-28 21:49:40.473405
2026-08-26 08:00:00,179.96,RO,entsoe_ro_dayahead,2026-08-28 21:49:40.473405
2026-08-26 08:15:00,144.34,RO,entsoe_ro_dayahead,2026-08-28 21:49:40.473405
2026-08-26 08:30:00,134.96,RO,entsoe_ro_dayahead,2026-08-28 21:49:40.473405
2026-08-26 08:45:00,125.43,RO,entsoe_ro_dayahead,2026-08-28 21:49:40.473405
2026-08-26 09:00:00,142.6,RO,entsoe_ro_dayahead,2026-08-28 21:49:40.473405
2026-08-26 09:15:00,132.98,RO,entsoe_ro_dayahead,2026-08-28 21:49:40.473405
2026-08-26 09:30:00,135.77,RO,entsoe_ro_dayahead,2026-08-28 21:49:40.473405
2026-08-26 09:45:00,130.12,RO,entsoe_ro_dayahead,2026-08-28 21:49:40.473405
2026-08-26 10:00:00,132.34,RO,entsoe_ro_dayahead,2026-08-28 21:49:40.473405
2026-08-26 10:15:00,116.41,RO,entsoe_ro_dayahead,2026-08-28 21:49:40.473405
2026-08-26 10:30:00,118.99,RO,entsoe_ro_dayahead,2026-08-28 21:49:40.473405
2026-08-26 10:45:00,128.11,RO,entsoe_ro_dayahead,2026-08-28 21:49:40.473405
2026-08-26 11:00:00,130.81,RO,entsoe_ro_dayahead,2026-08-28 21:49:40.473405
2026-08-26 11:15:00,128.71,RO,entsoe_ro_dayahead,2026-08-28 21:49:40.473405
2026-08-26 11:30:00,116.74,RO,entsoe_ro_dayahead,2026-08-28 21:49:40.473405
2026-08-26 11:45:00,129.85,RO,entsoe_ro_dayahead,2026-08-28 21:49:40.473405
2026-08-26 12:00:00,132.95,RO,entsoe_ro_dayahead,2026-08-28 21:49:40.473405
2026-08-26 12:15:00,150.84,RO,entsoe_ro_dayahead,2026-08-28 21:49:40.473405
2026-08-26 12:30:00,135.32,RO,entsoe_ro_dayahead,2026-08-28 21:49:40.473405
2026-08-26 12:45:00,135.36,RO,entsoe_ro_dayahead,2026-08-28 21:49:40.473405
2026-08-26 13:00:00,135.31,RO,entsoe_ro_dayahead,2026-08-28 21:49:40.473405
2026-08-26 13:15:00,135.45,RO,entsoe_ro_dayahead,2026-08-28 21:49:40.473405
2026-08-26 13:30:00,127.57,RO,entsoe_ro_dayahead,2026-08-28 21:49:40.473405
2026-08-26 13:45:00,137.2,RO,entsoe_ro_dayahead,2026-08-28 21:49:40.473405
2026-08-26 14:00:00,133.53,RO,entsoe_ro_dayahead,2026-08-28 21:49:40.473405
2026-08-26 14:15:00,147.54,RO,entsoe_ro_dayahead,2026-08-28 21:49:40.473405
2026-08-26 14:30:00,172.15,RO,entsoe_ro_dayahead,2026-08-28 21:49:40.473405
2026-08-26 14:45:00,200.39,RO,entsoe_ro_dayahead,2026-08-28 21:49:40.473405
2026-08-26 15:00:00,155.83,RO,entsoe_ro_dayahead,2026-08-28 21:49:40.473405
2026-08-26 15:15:00,182.87,RO,entsoe_ro_dayahead,2026-08-28 21:49:40.473405
2026-08-26 15:30:00,203.73,RO,entsoe_ro_dayahead,2026-08-28 21:49:40.473405
2026-08-26 15:45:00,238.94,RO,entsoe_ro_dayahead,2026-08-28 21:49:40.473405
2026-08-26 16:00:00,229.73,RO,entsoe_ro_dayahead,2026-08-28 21:49:40.473405
2026-08-26 16:15:00,235.87,RO,entsoe_ro_dayahead,2026-08-28 21:49:40.473405
2026-08-26 16:30:00,246.89,RO,entsoe_ro_dayahead,2026-08-28 21:49:40.473405
2026-08-26 16:45:00,261.57,RO,entsoe_ro_dayahead,2026-08-28 21:49:40.473405
2026-08-26 17:00:00,233.6,RO,entsoe_ro_dayahead,2026-08-28 21:49:40.473405
2026-08-26 17:15:00,238.0,RO,entsoe_ro_dayahead,2026-08-28 21:49:40.473405
2026-08-26 17:30:00,244.07,RO,entsoe_ro_dayahead,2026-08-28 21:49:40.473405
2026-08-26 17:45:00,248.02,RO,entsoe_ro_dayahead,2026-08-28 21:49:40.473405
2026-08-26 18:00:00,245.68,RO,entsoe_ro_dayahead,2026-08-28 21:49:40.473405
2026-08-26 18:15:00,245.4,RO,entsoe_ro_dayahead,2026-08-28 21:49:40.473405
2026-08-26 18:30:00,235.77,RO,entsoe_ro_dayahead,2026-08-28 21:49:40.473405
2026-08-26 18:45:00,219.8,RO,entsoe_ro_dayahead,2026-08-28 21:49:40.473405
2026-08-26 19:00:00,219.26,RO,entsoe_ro_dayahead,2026-08-28 21:49:40.473405
2026-08-26 19:15:00,230.47,RO,entsoe_ro_dayahead,2026-08-28 21:49:40.473405
2026-08-26 19:30:00,229.73,RO,entsoe_ro_dayahead,2026-08-28 21:49:40.473405
2026-08-26 19:45:00,243.38,RO,entsoe_ro_dayahead,2026-08-28 21:49:40.473405
2026-08-26 20:00:00,259.2,RO,entsoe_ro_dayahead,2026-08-28 21:49:40.473405
2026-08-26 20:15:00,255.49,RO,entsoe_ro_dayahead,2026-08-28 21:49:40.473405
2026-08-26 20:30:00,250.7,RO,entsoe_ro_dayahead,2026-08-28 21:49:40.473405
2026-08-26 20:45:00,241.66,RO,entsoe_ro_dayahead,2026-08-28 21:49:40.473405
2026-08-26 21:00:00,240.97,RO,entsoe_ro_dayahead,2026-08-28 21:49:40.473405
2026-08-26 21:15:00,231.41,RO,entsoe_ro_dayahead,2026-08-28 21:49:40.473405
2026-08-26 21:30:00,226.08,RO,entsoe_ro_dayahead,2026-08-28 21:49:40.473405
2026-08-26 21:45:00,214.89,RO,entsoe_ro_dayahead,2026-08-28 21:49:40.473405
2026-08-26 22:00:00,221.49,RO,entsoe_ro_dayahead,2026-08-28 21:49:40.473405
2026-08-26 22:15:00,210.93,RO,entsoe_ro_dayahead,2026-08-28 21:49:40.473405
2026-08-26 22:30:00,206.81,RO,entsoe_ro_dayahead,2026-08-28 21:49:40.473405
2026-08-26 22:45:00,191.37,RO,entsoe_ro_dayahead,2026-08-28 21:49:40.473405
2026-08-26 23:00:00,202.58,RO,entsoe_ro_dayahead,2026-08-28 21:49:40.473405
2026-08-26 23:15:00,197.93,RO,entsoe_ro_dayahead,2026-08-28 21:49:40.473405
2026-08-26 23:30:00,185.55,RO,entsoe_ro_dayahead,2026-08-28 21:49:40.473405
2026-08-26 23:45:00,172.03,RO,entsoe_ro_dayahead,2026-08-28 21:49:40.473405
2026-08-27 00:00:00,180.87,RO,entsoe_ro_dayahead,2026-08-28 21:49:40.473405
2026-08-27 00:15:00,183.85,RO,entsoe_ro_dayahead,2026-08-28 21:49:40.473405
2026-08-27 00:30:00,181.24,RO,entsoe_ro_dayahead,2026-08-28 21:49:40.473405
2026-08-27 00:45:00,176.61,RO,entsoe_ro_dayahead,2026-08-28 21:49:40.473405
2026-08-27 01:00:00,190.19,RO,entsoe_ro_dayahead,2026-08-28 21:49:40.473405
2026-08-27 01:15:00,173.44,RO,entsoe_ro_dayahead,2026-08-28 21:49:40.473405
2026-08-27 01:30:00,175.15,RO,entsoe_ro_dayahead,2026-08-28 21:49:40.473405
2026-08-27 01:45:00,169.81,RO,entsoe_ro_dayahead,2026-08-28 21:49:40.473405
2026-08-27 02:00:00,170.57,RO,entsoe_ro_dayahead,2026-08-28 21:49:40.473405
2026-08-27 02:15:00,170.23,RO,entsoe_ro_dayahead,2026-08-28 21:49:40.473405
2026-08-27 02:30:00,169.28,RO,entsoe_ro_dayahead,2026-08-28 21:49:40.473405
2026-08-27 02:45:00,166.37,RO,entsoe_ro_dayahead,2026-08-28 21:49:40.473405
2026-08-27 03:00:00,164.46,RO,entsoe_ro_dayahead,2026-08-28 21:49:40.473405
2026-08-27 03:15:00,167.1,RO,entsoe_ro_dayahead,2026-08-28 21:49:40.473405
2026-08-27 03:30:00,180.15,RO,entsoe_ro_dayahead,2026-08-28 21:49:40.473405
2026-08-27 03:45:00,191.98,RO,entsoe_ro_dayahead,2026-08-28 21:49:40.473405
2026-08-27 04:00:00,183.45,RO,entsoe_ro_dayahead,2026-08-28 21:49:40.473405
2026-08-27 04:15:00,195.52,RO,entsoe_ro_dayahead,2026-08-28 21:49:40.473405
2026-08-27 04:30:00,198.04,RO,entsoe_ro_dayahead,2026-08-28 21:49:40.473405
2026-08-27 04:45:00,196.19,RO,entsoe_ro_dayahead,2026-08-28 21:49:40.473405
2026-08-27 05:00:00,198.32,RO,entsoe_ro_dayahead,2026-08-28 21:49:40.473405
2026-08-27 05:15:00,187.11,RO,entsoe_ro_dayahead,2026-08-28 21:49:40.473405
2026-08-27 05:30:00,175.11,RO,entsoe_ro_dayahead,2026-08-28 21:49:40.473405
2026-08-27 05:45:00,170.27,RO,entsoe_ro_dayahead,2026-08-28 21:49:40.473405
2026-08-27 06:00:00,178.14,RO,entsoe_ro_dayahead,2026-08-28 21:49:40.473405
2026-08-27 06:15:00,171.86,RO,entsoe_ro_dayahead,2026-08-28 21:49:40.473405
2026-08-27 06:30:00,164.64,RO,entsoe_ro_dayahead,2026-08-28 21:49:40.473405
2026-08-27 06:45:00,148.42,RO,entsoe_ro_dayahead,2026-08-28 21:49:40.473405
2026-08-27 07:00:00,165.08,RO,entsoe_ro_dayahead,2026-08-28 21:49:40.473405
2026-08-27 07:15:00,148.6,RO,entsoe_ro_dayahead,2026-08-28 21:49:40.473405
2026-08-27 07:30:00,129.94,RO,entsoe_ro_dayahead,2026-08-28 21:49:40.473405
2026-08-27 07:45:00,112.19,RO,entsoe_ro_dayahead,2026-08-28 21:49:40.473405
2026-08-27 08:00:00,141.66,RO,entsoe_ro_dayahead,2026-08-28 21:49:40.473405
2026-08-27 08:15:00,137.31,RO,entsoe_ro_dayahead,2026-08-28 21:49:40.473405
2026-08-27 08:30:00,129.12,RO,entsoe_ro_dayahead,2026-08-28 21:49:40.473405
2026-08-27 08:45:00,111.93,RO,entsoe_ro_dayahead,2026-08-28 21:49:40.473405
2026-08-27 09:00:00,136.75,RO,entsoe_ro_dayahead,2026-08-28 21:49:40.473405
2026-08-27 09:15:00,105.42,RO,entsoe_ro_dayahead,2026-08-28 21:49:40.473405
2026-08-27 09:30:00,84.81,RO,entsoe_ro_dayahead,2026-08-28 21:49:40.473405
2026-08-27 09:45:00,62.15,RO,entsoe_ro_dayahead,2026-08-28 21:49:40.473405
2026-08-27 10:00:00,78.61,RO,entsoe_ro_dayahead,2026-08-28 21:49:40.473405
2026-08-27 10:15:00,67.84,RO,entsoe_ro_dayahead,2026-08-28 21:49:40.473405
2026-08-27 10:30:00,72.08,RO,entsoe_ro_dayahead,2026-08-28 21:49:40.473405
2026-08-27 10:45:00,87.35,RO,entsoe_ro_dayahead,2026-08-28 21:49:40.473405
2026-08-27 11:00:00,78.07,RO,entsoe_ro_dayahead,2026-08-28 21:49:40.473405
2026-08-27 11:15:00,100.07,RO,entsoe_ro_dayahead,2026-08-28 21:49:40.473405
2026-08-27 11:30:00,100.22,RO,entsoe_ro_dayahead,2026-08-28 21:49:40.473405
2026-08-27 11:45:00,97.58,RO,entsoe_ro_dayahead,2026-08-28 21:49:40.473405
2026-08-27 12:00:00,105.86,RO,entsoe_ro_dayahead,2026-08-28 21:49:40.473405
2026-08-27 12:15:00,113.41,RO,entsoe_ro_dayahead,2026-08-28 21:49:40.473405
2026-08-27 12:30:00,110.78,RO,entsoe_ro_dayahead,2026-08-28 21:49:40.473405
2026-08-27 12:45:00,129.57,RO,entsoe_ro_dayahead,2026-08-28 21:49:40.473405
2026-08-27 13:00:00,127.39,RO,entsoe_ro_dayahead,2026-08-28 21:49:40.473405
2026-08-27 13:15:00,137.49,RO,entsoe_ro_dayahead,2026-08-28 21:49:40.473405
2026-08-27 13:30:00,132.88,RO,entsoe_ro_dayahead,2026-08-28 21:49:40.473405
2026-08-27 13:45:00,135.23,RO,entsoe_ro_dayahead,2026-08-28 21:49:40.473405
2026-08-27 14:00:00,71.28,RO,entsoe_ro_dayahead,2026-08-28 21:49:40.473405
2026-08-27 14:15:00,128.31,RO,entsoe_ro_dayahead,2026-08-28 21:49:40.473405
2026-08-27 14:30:00,150.73,RO,entsoe_ro_dayahead,2026-08-28 21:49:40.473405
2026-08-27 14:45:00,194.05,RO,entsoe_ro_dayahead,2026-08-28 21:49:40.473405
2026-08-27 15:00:00,157.12,RO,entsoe_ro_dayahead,2026-08-28 21:49:40.473405
2026-08-27 15:15:00,193.35,RO,entsoe_ro_dayahead,2026-08-28 21:49:40.473405
2026-08-27 15:30:00,218.99,RO,entsoe_ro_dayahead,2026-08-28 21:49:40.473405
2026-08-27 15:45:00,232.96,RO,entsoe_ro_dayahead,2026-08-28 21:49:40.473405
2026-08-27 16:00:00,240.93,RO,entsoe_ro_dayahead,2026-08-28 21:49:40.473405
2026-08-27 16:15:00,246.92,RO,entsoe_ro_dayahead,2026-08-28 21:49:40.473405
2026-08-27 16:30:00,253.75,RO,entsoe_ro_dayahead,2026-08-28 21:49:40.473405
2026-08-27 16:45:00,263.9,RO,entsoe_ro_dayahead,2026-08-28 21:49:40.473405
2026-08-27 17:00:00,221.15,RO,entsoe_ro_dayahead,2026-08-28 21:49:40.473405
2026-08-27 17:15:00,215.03,RO,entsoe_ro_dayahead,2026-08-28 21:49:40.473405
2026-08-27 17:30:00,223.17,RO,entsoe_ro_dayahead,2026-08-28 21:49:40.473405
2026-08-27 17:45:00,230.74,RO,entsoe_ro_dayahead,2026-08-28 21:49:40.473405
2026-08-27 18:00:00,259.65,RO,entsoe_ro_dayahead,2026-08-28 21:49:40.473405
2026-08-27 18:15:00,252.89,RO,entsoe_ro_dayahead,2026-08-28 21:49:40.473405
2026-08-27 18:30:00,253.22,RO,entsoe_ro_dayahead,2026-08-28 21:49:40.473405
2026-08-27 18:45:00,261.71,RO,entsoe_ro_dayahead,2026-08-28 21:49:40.473405
2026-08-27 19:00:00,254.98,RO,entsoe_ro_dayahead,2026-08-28 21:49:40.473405
2026-08-27 19:15:00,250.87,RO,entsoe_ro_dayahead,2026-08-28 21:49:40.473405
2026-08-27 19:30:00,247.11,RO,entsoe_ro_dayahead,2026-08-28 21:49:40.473405
2026-08-27 19:45:00,240.08,RO,entsoe_ro_dayahead,2026-08-28 21:49:40.473405
2026-08-27 20:00:00,240.82,RO,entsoe_ro_dayahead,2026-08-28 21:49:40.473405
2026-08-27 20:15:00,243.78,RO,entsoe_ro_dayahead,2026-08-28 21:49:40.473405
2026-08-27 20:30:00,238.02,RO,entsoe_ro_dayahead,2026-08-28 21:49:40.473405
2026-08-27 20:45:00,225.86,RO,entsoe_ro_dayahead,2026-08-28 21:49:40.473405
2026-08-27 21:00:00,226.85,RO,entsoe_ro_dayahead,2026-08-28 21:49:40.473405
2026-08-27 21:15:00,218.58,RO,entsoe_ro_dayahead,2026-08-28 21:49:40.473405
2026-08-27 21:30:00,211.3,RO,entsoe_ro_dayahead,2026-08-28 21:49:40.473405
2026-08-27 21:45:00,185.29,RO,entsoe_ro_dayahead,2026-08-28 21:49:40.473405
2026-08-27 22:00:00,211.77,RO,entsoe_ro_dayahead,2026-08-28 21:49:40.473405
2026-08-27 22:15:00,210.76,RO,entsoe_ro_dayahead,2026-08-28 21:49:40.473405
2026-08-27 22:30:00,188.55,RO,entsoe_ro_dayahead,2026-08-28 21:49:40.473405
2026-08-27 22:45:00,177.44,RO,entsoe_ro_dayahead,2026-08-28 21:49:40.473405
2026-08-27 23:00:00,177.7,RO,entsoe_ro_dayahead,2026-08-28 21:49:40.473405
2026-08-27 23:15:00,174.63,RO,entsoe_ro_dayahead,2026-08-28 21:49:40.473405
2026-08-27 23:30:00,170.42,RO,entsoe_ro_dayahead,2026-08-28 21:49:40.473405
2026-08-27 23:45:00,165.41,RO,entsoe_ro_dayahead,2026-08-28 21:49:40.473405
2026-08-28 00:00:00,168.02,RO,entsoe_ro_dayahead,2026-08-28 21:49:40.473405
2026-08-28 00:15:00,166.88,RO,entsoe_ro_dayahead,2026-08-28 21:49:40.473405
2026-08-28 00:30:00,167.8,RO,entsoe_ro_dayahead,2026-08-28 21:49:40.473405
2026-08-28 00:45:00,159.5,RO,entsoe_ro_dayahead,2026-08-28 21:49:40.473405
2026-08-28 01:00:00,166.19,RO,entsoe_ro_dayahead,2026-08-28 21:49:40.473405
2026-08-28 01:15:00,157.36,RO,entsoe_ro_dayahead,2026-08-28 21:49:40.473405
2026-08-28 01:30:00,159.5,RO,entsoe_ro_dayahead,2026-08-28 21:49:40.473405
2026-08-28 01:45:00,158.53,RO,entsoe_ro_dayahead,2026-08-28 21:49:40.473405
2026-08-28 02:00:00,156.56,RO,entsoe_ro_dayahead,2026-08-28 21:49:40.473405
2026-08-28 02:15:00,158.23,RO,entsoe_ro_dayahead,2026-08-28 21:49:40.473405
2026-08-28 02:30:00,158.56,RO,entsoe_ro_dayahead,2026-08-28 21:49:40.473405
2026-08-28 02:45:00,158.75,RO,entsoe_ro_dayahead,2026-08-28 21:49:40.473405
2026-08-28 03:00:00,162.77,RO,entsoe_ro_dayahead,2026-08-28 21:49:40.473405
2026-08-28 03:15:00,181.09,RO,entsoe_ro_dayahead,2026-08-28 21:49:40.473405
2026-08-28 03:30:00,186.03,RO,entsoe_ro_dayahead,2026-08-28 21:49:40.473405
2026-08-28 03:45:00,185.54,RO,entsoe_ro_dayahead,2026-08-28 21:49:40.473405
2026-08-28 04:00:00,169.46,RO,entsoe_ro_dayahead,2026-08-28 21:49:40.473405
2026-08-28 04:15:00,174.63,RO,entsoe_ro_dayahead,2026-08-28 21:49:40.473405
2026-08-28 04:30:00,176.56,RO,entsoe_ro_dayahead,2026-08-28 21:49:40.473405
2026-08-28 04:45:00,175.23,RO,entsoe_ro_dayahead,2026-08-28 21:49:40.473405
2026-08-28 05:00:00,181.41,RO,entsoe_ro_dayahead,2026-08-28 21:49:40.473405
2026-08-28 05:15:00,181.83,RO,entsoe_ro_dayahead,2026-08-28 21:49:40.473405
2026-08-28 05:30:00,178.83,RO,entsoe_ro_dayahead,2026-08-28 21:49:40.473405
2026-08-28 05:45:00,175.73,RO,entsoe_ro_dayahead,2026-08-28 21:49:40.473405
2026-08-28 06:00:00,193.51,RO,entsoe_ro_dayahead,2026-08-28 21:49:40.473405
2026-08-28 06:15:00,180.11,RO,entsoe_ro_dayahead,2026-08-28 21:49:40.473405
2026-08-28 06:30:00,153.7,RO,entsoe_ro_dayahead,2026-08-28 21:49:40.473405
2026-08-28 06:45:00,130.1,RO,entsoe_ro_dayahead,2026-08-28 21:49:40.473405
2026-08-28 07:00:00,173.61,RO,entsoe_ro_dayahead,2026-08-28 21:49:40.473405
2026-08-28 07:15:00,133.81,RO,entsoe_ro_dayahead,2026-08-28 21:49:40.473405
2026-08-28 07:30:00,123.74,RO,entsoe_ro_dayahead,2026-08-28 21:49:40.473405
2026-08-28 07:45:00,76.0,RO,entsoe_ro_dayahead,2026-08-28 21:49:40.473405
2026-08-28 08:00:00,91.94,RO,entsoe_ro_dayahead,2026-08-28 21:49:40.473405
2026-08-28 08:15:00,61.75,RO,entsoe_ro_dayahead,2026-08-28 21:49:40.473405
2026-08-28 08:30:00,49.64,RO,entsoe_ro_dayahead,2026-08-28 21:49:40.473405
2026-08-28 08:45:00,62.32,RO,entsoe_ro_dayahead,2026-08-28 21:49:40.473405
2026-08-28 09:00:00,69.87,RO,entsoe_ro_dayahead,2026-08-28 21:49:40.473405
2026-08-28 09:15:00,82.94,RO,entsoe_ro_dayahead,2026-08-28 21:49:40.473405
2026-08-28 09:30:00,77.66,RO,entsoe_ro_dayahead,2026-08-28 21:49:40.473405
2026-08-28 09:45:00,68.81,RO,entsoe_ro_dayahead,2026-08-28 21:49:40.473405
2026-08-28 10:00:00,88.59,RO,entsoe_ro_dayahead,2026-08-28 21:49:40.473405
2026-08-28 10:15:00,73.22,RO,entsoe_ro_dayahead,2026-08-28 21:49:40.473405
2026-08-28 10:30:00,75.19,RO,entsoe_ro_dayahead,2026-08-28 21:49:40.473405
2026-08-28 10:45:00,67.81,RO,entsoe_ro_dayahead,2026-08-28 21:49:40.473405
2026-08-28 11:00:00,80.38,RO,entsoe_ro_dayahead,2026-08-28 21:49:40.473405
2026-08-28 11:15:00,75.2,RO,entsoe_ro_dayahead,2026-08-28 21:49:40.473405
2026-08-28 11:30:00,79.86,RO,entsoe_ro_dayahead,2026-08-28 21:49:40.473405
2026-08-28 11:45:00,76.01,RO,entsoe_ro_dayahead,2026-08-28 21:49:40.473405
2026-08-28 12:00:00,72.05,RO,entsoe_ro_dayahead,2026-08-28 21:49:40.473405
2026-08-28 12:15:00,74.64,RO,entsoe_ro_dayahead,2026-08-28 21:49:40.473405
2026-08-28 12:30:00,86.0,RO,entsoe_ro_dayahead,2026-08-28 21:49:40.473405
2026-08-28 12:45:00,90.72,RO,entsoe_ro_dayahead,2026-08-28 21:49:40.473405
2026-08-28 13:00:00,80.68,RO,entsoe_ro_dayahead,2026-08-28 21:49:40.473405
2026-08-28 13:15:00,91.73,RO,entsoe_ro_dayahead,2026-08-28 21:49:40.473405
2026-08-28 13:30:00,113.34,RO,entsoe_ro_dayahead,2026-08-28 21:49:40.473405
2026-08-28 13:45:00,133.15,RO,entsoe_ro_dayahead,2026-08-28 21:49:40.473405
2026-08-28 14:00:00,51.99,RO,entsoe_ro_dayahead,2026-08-28 21:49:40.473405
2026-08-28 14:15:00,129.54,RO,entsoe_ro_dayahead,2026-08-28 21:49:40.473405
2026-08-28 14:30:00,134.93,RO,entsoe_ro_dayahead,2026-08-28 21:49:40.473405
2026-08-28 14:45:00,146.16,RO,entsoe_ro_dayahead,2026-08-28 21:49:40.473405
2026-08-28 15:00:00,125.66,RO,entsoe_ro_dayahead,2026-08-28 21:49:40.473405
2026-08-28 15:15:00,159.74,RO,entsoe_ro_dayahead,2026-08-28 21:49:40.473405
2026-08-28 15:30:00,165.23,RO,entsoe_ro_dayahead,2026-08-28 21:49:40.473405
2026-08-28 15:45:00,204.39,RO,entsoe_ro_dayahead,2026-08-28 21:49:40.473405
2026-08-28 16:00:00,180.03,RO,entsoe_ro_dayahead,2026-08-28 21:49:40.473405
2026-08-28 16:15:00,195.17,RO,entsoe_ro_dayahead,2026-08-28 21:49:40.473405
2026-08-28 16:30:00,225.31,RO,entsoe_ro_dayahead,2026-08-28 21:49:40.473405
2026-08-28 16:45:00,245.82,RO,entsoe_ro_dayahead,2026-08-28 21:49:40.473405
2026-08-28 17:00:00,194.1,RO,entsoe_ro_dayahead,2026-08-28 21:49:40.473405
2026-08-28 17:15:00,217.46,RO,entsoe_ro_dayahead,2026-08-28 21:49:40.473405
2026-08-28 17:30:00,197.58,RO,entsoe_ro_dayahead,2026-08-28 21:49:40.473405
2026-08-28 17:45:00,227.53,RO,entsoe_ro_dayahead,2026-08-28 21:49:40.473405
2026-08-28 18:00:00,191.29,RO,entsoe_ro_dayahead,2026-08-28 21:49:40.473405
2026-08-28 18:15:00,188.29,RO,entsoe_ro_dayahead,2026-08-28 21:49:40.473405
2026-08-28 18:30:00,189.63,RO,entsoe_ro_dayahead,2026-08-28 21:49:40.473405
2026-08-28 18:45:00,195.7,RO,entsoe_ro_dayahead,2026-08-28 21:49:40.473405
2026-08-28 19:00:00,244.5,RO,entsoe_ro_dayahead,2026-08-28 21:49:40.473405
2026-08-28 19:15:00,240.96,RO,entsoe_ro_dayahead,2026-08-28 21:49:40.473405
2026-08-28 19:30:00,206.44,RO,entsoe_ro_dayahead,2026-08-28 21:49:40.473405
2026-08-28 19:45:00,220.37,RO,entsoe_ro_dayahead,2026-08-28 21:49:40.473405
2026-08-28 20:00:00,206.03,RO,entsoe_ro_dayahead,2026-08-28 21:49:40.473405
2026-08-28 20:15:00,228.71,RO,entsoe_ro_dayahead,2026-08-28 21:49:40.473405
2026-08-28 20:30:00,221.41,RO,entsoe_ro_dayahead,2026-08-28 21:49:40.473405
2026-08-28 20:45:00,207.15,RO,entsoe_ro_dayahead,2026-08-28 21:49:40.473405
2026-08-28 21:00:00,196.26,RO,entsoe_ro_dayahead,2026-08-28 21:49:40.473405
2026-08-28 21:15:00,189.07,RO,entsoe_ro_dayahead,2026-08-28 21:49:40.473405
2026-08-28 21:30:00,182.06,RO,entsoe_ro_dayahead,2026-08-28 21:49:40.473405
2026-08-28 21:45:00,162.36,RO,entsoe_ro_dayahead,2026-08-28 21:49:40.473405
2026-08-28 22:00:00,175.23,RO,entsoe_ro_dayahead,2026-08-28 21:49:40.473405
2026-08-28 22:15:00,152.17,RO,entsoe_ro_dayahead,2026-08-28 21:49:40.473405
2026-08-28 22:30:00,141.31,RO,entsoe_ro_dayahead,2026-08-28 21:49:40.473405
2026-08-28 22:45:00,130.31,RO,entsoe_ro_dayahead,2026-08-28 21:49:40.473405
2026-08-28 23:00:00,154.28,RO,entsoe_ro_dayahead,2026-08-28 21:49:40.473405
2026-08-28 23:15:00,143.5,RO,entsoe_ro_dayahead,2026-08-28 21:49:40.473405
2026-08-28 23:30:00,134.86,RO,entsoe_ro_dayahead,2026-08-28 21:49:40.473405
2026-08-28 23:45:00,131.65,RO,entsoe_ro_dayahead,2026-08-28 21:49:40.473405
2026-08-29 00:00:00,133.12,RO,entsoe_ro_dayahead,2026-08-28 21:49:40.473405
2026-08-29 00:15:00,131.76,RO,entsoe_ro_dayahead,2026-08-28 21:49:40.473405
2026-08-29 00:30:00,132.27,RO,entsoe_ro_dayahead,2026-08-28 21:49:40.473405
2026-08-29 00:45:00,130.45,RO,entsoe_ro_dayahead,2026-08-28 21:49:40.473405
2026-08-29 01:00:00,133.0,RO,entsoe_ro_dayahead,2026-08-28 21:49:40.473405
2026-08-29 01:15:00,133.0,RO,entsoe_ro_dayahead,2026-08-28 21:49:40.473405
2026-08-29 01:30:00,133.35,RO,entsoe_ro_dayahead,2026-08-28 21:49:40.473405
2026-08-29 01:45:00,133.32,RO,entsoe_ro_dayahead,2026-08-28 21:49:40.473405
2026-08-29 02:00:00,117.14,RO,entsoe_ro_dayahead,2026-08-28 21:49:40.473405
2026-08-29 02:15:00,125.99,RO,entsoe_ro_dayahead,2026-08-28 21:49:40.473405
2026-08-29 02:30:00,130.72,RO,entsoe_ro_dayahead,2026-08-28 21:49:40.473405
2026-08-29 02:45:00,133.82,RO,entsoe_ro_dayahead,2026-08-28 21:49:40.473405
2026-08-29 03:00:00,117.4,RO,entsoe_ro_dayahead,2026-08-28 21:49:40.473405
2026-08-29 03:15:00,130.54,RO,entsoe_ro_dayahead,2026-08-28 21:49:40.473405
2026-08-29 03:30:00,132.93,RO,entsoe_ro_dayahead,2026-08-28 21:49:40.473405
2026-08-29 03:45:00,133.07,RO,entsoe_ro_dayahead,2026-08-28 21:49:40.473405
2026-08-29 04:00:00,158.87,RO,entsoe_ro_dayahead,2026-08-28 21:49:40.473405
2026-08-29 04:15:00,163.42,RO,entsoe_ro_dayahead,2026-08-28 21:49:40.473405
2026-08-29 04:30:00,156.57,RO,entsoe_ro_dayahead,2026-08-28 21:49:40.473405
2026-08-29 04:45:00,141.07,RO,entsoe_ro_dayahead,2026-08-28 21:49:40.473405
2026-08-29 05:00:00,157.19,RO,entsoe_ro_dayahead,2026-08-28 21:49:40.473405
2026-08-29 05:15:00,140.65,RO,entsoe_ro_dayahead,2026-08-28 21:49:40.473405
2026-08-29 05:30:00,132.67,RO,entsoe_ro_dayahead,2026-08-28 21:49:40.473405
2026-08-29 05:45:00,101.17,RO,entsoe_ro_dayahead,2026-08-28 21:49:40.473405
2026-08-29 06:00:00,147.08,RO,entsoe_ro_dayahead,2026-08-28 21:49:40.473405
2026-08-29 06:15:00,105.05,RO,entsoe_ro_dayahead,2026-08-28 21:49:40.473405
2026-08-29 06:30:00,45.29,RO,entsoe_ro_dayahead,2026-08-28 21:49:40.473405
2026-08-29 06:45:00,10.69,RO,entsoe_ro_dayahead,2026-08-28 21:49:40.473405
2026-08-29 07:00:00,21.42,RO,entsoe_ro_dayahead,2026-08-28 21:49:40.473405
2026-08-29 07:15:00,10.0,RO,entsoe_ro_dayahead,2026-08-28 21:49:40.473405
2026-08-29 07:30:00,8.44,RO,entsoe_ro_dayahead,2026-08-28 21:49:40.473405
2026-08-29 07:45:00,8.0,RO,entsoe_ro_dayahead,2026-08-28 21:49:40.473405
2026-08-29 08:00:00,17.74,RO,entsoe_ro_dayahead,2026-08-28 21:49:40.473405
2026-08-29 08:15:00,12.9,RO,entsoe_ro_dayahead,2026-08-28 21:49:40.473405
2026-08-29 08:30:00,15.38,RO,entsoe_ro_dayahead,2026-08-28 21:49:40.473405
2026-08-29 08:45:00,13.53,RO,entsoe_ro_dayahead,2026-08-28 21:49:40.473405
2026-08-29 09:00:00,13.74,RO,entsoe_ro_dayahead,2026-08-28 21:49:40.473405
2026-08-29 09:15:00,12.7,RO,entsoe_ro_dayahead,2026-08-28 21:49:40.473405
2026-08-29 09:30:00,12.7,RO,entsoe_ro_dayahead,2026-08-28 21:49:40.473405
2026-08-29 09:45:00,12.39,RO,entsoe_ro_dayahead,2026-08-28 21:49:40.473405
2026-08-29 10:00:00,9.92,RO,entsoe_ro_dayahead,2026-08-28 21:49:40.473405
2026-08-29 10:15:00,8.59,RO,entsoe_ro_dayahead,2026-08-28 21:49:40.473405
2026-08-29 10:30:00,8.0,RO,entsoe_ro_dayahead,2026-08-28 21:49:40.473405
2026-08-29 10:45:00,8.34,RO,entsoe_ro_dayahead,2026-08-28 21:49:40.473405
2026-08-29 11:00:00,9.93,RO,entsoe_ro_dayahead,2026-08-28 21:49:40.473405
2026-08-29 11:15:00,9.65,RO,entsoe_ro_dayahead,2026-08-28 21:49:40.473405
2026-08-29 11:30:00,8.76,RO,entsoe_ro_dayahead,2026-08-28 21:49:40.473405
2026-08-29 11:45:00,9.93,RO,entsoe_ro_dayahead,2026-08-28 21:49:40.473405
2026-08-29 12:00:00,10.8,RO,entsoe_ro_dayahead,2026-08-28 21:49:40.473405
2026-08-29 12:15:00,9.82,RO,entsoe_ro_dayahead,2026-08-28 21:49:40.473405
2026-08-29 12:30:00,10.92,RO,entsoe_ro_dayahead,2026-08-28 21:49:40.473405
2026-08-29 12:45:00,12.72,RO,entsoe_ro_dayahead,2026-08-28 21:49:40.473405
2026-08-29 13:00:00,10.11,RO,entsoe_ro_dayahead,2026-08-28 21:49:40.473405
2026-08-29 13:15:00,10.13,RO,entsoe_ro_dayahead,2026-08-28 21:49:40.473405
2026-08-29 13:30:00,15.39,RO,entsoe_ro_dayahead,2026-08-28 21:49:40.473405
2026-08-29 13:45:00,95.04,RO,entsoe_ro_dayahead,2026-08-28 21:49:40.473405
2026-08-29 14:00:00,12.64,RO,entsoe_ro_dayahead,2026-08-28 21:49:40.473405
2026-08-29 14:15:00,120.01,RO,entsoe_ro_dayahead,2026-08-28 21:49:40.473405
2026-08-29 14:30:00,138.9,RO,entsoe_ro_dayahead,2026-08-28 21:49:40.473405
2026-08-29 14:45:00,183.9,RO,entsoe_ro_dayahead,2026-08-28 21:49:40.473405
2026-08-29 15:00:00,153.61,RO,entsoe_ro_dayahead,2026-08-28 21:49:40.473405
2026-08-29 15:15:00,191.66,RO,entsoe_ro_dayahead,2026-08-28 21:49:40.473405
2026-08-29 15:30:00,206.84,RO,entsoe_ro_dayahead,2026-08-28 21:49:40.473405
2026-08-29 15:45:00,209.72,RO,entsoe_ro_dayahead,2026-08-28 21:49:40.473405
2026-08-29 16:00:00,197.79,RO,entsoe_ro_dayahead,2026-08-28 21:49:40.473405
2026-08-29 16:15:00,206.57,RO,entsoe_ro_dayahead,2026-08-28 21:49:40.473405
2026-08-29 16:30:00,208.89,RO,entsoe_ro_dayahead,2026-08-28 21:49:40.473405
2026-08-29 16:45:00,220.09,RO,entsoe_ro_dayahead,2026-08-28 21:49:40.473405
2026-08-29 17:00:00,207.72,RO,entsoe_ro_dayahead,2026-08-28 21:49:40.473405
2026-08-29 17:15:00,211.04,RO,entsoe_ro_dayahead,2026-08-28 21:49:40.473405
2026-08-29 17:30:00,219.27,RO,entsoe_ro_dayahead,2026-08-28 21:49:40.473405
2026-08-29 17:45:00,225.65,RO,entsoe_ro_dayahead,2026-08-28 21:49:40.473405
2026-08-29 18:00:00,219.18,RO,entsoe_ro_dayahead,2026-08-28 21:49:40.473405
2026-08-29 18:15:00,216.83,RO,entsoe_ro_dayahead,2026-08-28 21:49:40.473405
2026-08-29 18:30:00,209.24,RO,entsoe_ro_dayahead,2026-08-28 21:49:40.473405
2026-08-29 18:45:00,204.26,RO,entsoe_ro_dayahead,2026-08-28 21:49:40.473405
2026-08-29 19:00:00,210.16,RO,entsoe_ro_dayahead,2026-08-28 21:49:40.473405
2026-08-29 19:15:00,208.99,RO,entsoe_ro_dayahead,2026-08-28 21:49:40.473405
2026-08-29 19:30:00,191.27,RO,entsoe_ro_dayahead,2026-08-28 21:49:40.473405
2026-08-29 19:45:00,181.42,RO,entsoe_ro_dayahead,2026-08-28 21:49:40.473405
2026-08-29 20:00:00,198.99,RO,entsoe_ro_dayahead,2026-08-28 21:49:40.473405
2026-08-29 20:15:00,186.48,RO,entsoe_ro_dayahead,2026-08-28 21:49:40.473405
2026-08-29 20:30:00,185.81,RO,entsoe_ro_dayahead,2026-08-28 21:49:40.473405
2026-08-29 20:45:00,178.89,RO,entsoe_ro_dayahead,2026-08-28 21:49:40.473405
2026-08-29 21:00:00,185.33,RO,entsoe_ro_dayahead,2026-08-28 21:49:40.473405
2026-08-29 21:15:00,193.45,RO,entsoe_ro_dayahead,2026-08-28 21:49:40.473405
2026-08-29 21:30:00,191.84,RO,entsoe_ro_dayahead,2026-08-28 21:49:40.473405
2026-08-29 21:45:00,186.65,RO,entsoe_ro_dayahead,2026-08-28 21:49:40.473405
2026-08-26 00:00:00,151.64,DE,smard_de_dayahead,2026-08-28 21:50:44.282640
2026-08-26 01:00:00,149.6,DE,smard_de_dayahead,2026-08-28 21:50:44.282640
2026-08-26 02:00:00,151.76,DE,smard_de_dayahead,2026-08-28 21:50:44.282640
2026-08-26 03:00:00,160.47,DE,smard_de_dayahead,2026-08-28 21:50:44.282640
2026-08-26 04:00:00,185.13,DE,smard_de_dayahead,2026-08-28 21:50:44.282640
2026-08-26 05:00:00,195.54,DE,smard_de_dayahead,2026-08-28 21:50:44.282640
2026-08-26 06:00:00,193.52,DE,smard_de_dayahead,2026-08-28 21:50:44.282640
2026-08-26 07:00:00,166.62,DE,smard_de_dayahead,2026-08-28 21:50:44.282640
2026-08-26 08:00:00,137.48,DE,smard_de_dayahead,2026-08-28 21:50:44.282640
2026-08-26 09:00:00,120.66,DE,smard_de_dayahead,2026-08-28 21:50:44.282640
2026-08-26 10:00:00,98.61,DE,smard_de_dayahead,2026-08-28 21:50:44.282640
2026-08-26 11:00:00,89.54,DE,smard_de_dayahead,2026-08-28 21:50:44.282640
2026-08-26 12:00:00,91.97,DE,smard_de_dayahead,2026-08-28 21:50:44.282640
2026-08-26 13:00:00,102.55,DE,smard_de_dayahead,2026-08-28 21:50:44.282640
2026-08-26 14:00:00,122.51,DE,smard_de_dayahead,2026-08-28 21:50:44.282640
2026-08-26 15:00:00,156.97,DE,smard_de_dayahead,2026-08-28 21:50:44.282640
2026-08-26 16:00:00,185.63,DE,smard_de_dayahead,2026-08-28 21:50:44.282640
2026-08-26 17:00:00,211.25,DE,smard_de_dayahead,2026-08-28 21:50:44.282640
2026-08-26 18:00:00,201.78,DE,smard_de_dayahead,2026-08-28 21:50:44.282640
2026-08-26 19:00:00,178.69,DE,smard_de_dayahead,2026-08-28 21:50:44.282640
2026-08-26 20:00:00,163.59,DE,smard_de_dayahead,2026-08-28 21:50:44.282640
2026-08-26 21:00:00,151.11,DE,smard_de_dayahead,2026-08-28 21:50:44.282640
2026-08-26 22:00:00,148.55,DE,smard_de_dayahead,2026-08-28 21:50:44.282640
2026-08-26 23:00:00,142.18,DE,smard_de_dayahead,2026-08-28 21:50:44.282640
2026-08-27 00:00:00,135.17,DE,smard_de_dayahead,2026-08-28 21:50:44.282640
2026-08-27 01:00:00,134.42,DE,smard_de_dayahead,2026-08-28 21:50:44.282640
2026-08-27 02:00:00,136.19,DE,smard_de_dayahead,2026-08-28 21:50:44.282640
2026-08-27 03:00:00,146.56,DE,smard_de_dayahead,2026-08-28 21:50:44.282640
2026-08-27 04:00:00,167.58,DE,smard_de_dayahead,2026-08-28 21:50:44.282640
2026-08-27 05:00:00,174.14,DE,smard_de_dayahead,2026-08-28 21:50:44.282640
2026-08-27 06:00:00,160.39,DE,smard_de_dayahead,2026-08-28 21:50:44.282640
2026-08-27 07:00:00,124.65,DE,smard_de_dayahead,2026-08-28 21:50:44.282640
2026-08-27 08:00:00,104.1,DE,smard_de_dayahead,2026-08-28 21:50:44.282640
2026-08-27 09:00:00,57.58,DE,smard_de_dayahead,2026-08-28 21:50:44.282640
2026-08-27 10:00:00,21.68,DE,smard_de_dayahead,2026-08-28 21:50:44.282640
2026-08-27 11:00:00,6.57,DE,smard_de_dayahead,2026-08-28 21:50:44.282640
2026-08-27 12:00:00,14.19,DE,smard_de_dayahead,2026-08-28 21:50:44.282640
2026-08-27 13:00:00,45.38,DE,smard_de_dayahead,2026-08-28 21:50:44.282640
2026-08-27 14:00:00,96.15,DE,smard_de_dayahead,2026-08-28 21:50:44.282640
2026-08-27 15:00:00,141.7,DE,smard_de_dayahead,2026-08-28 21:50:44.282640
2026-08-27 16:00:00,173.81,DE,smard_de_dayahead,2026-08-28 21:50:44.282640
2026-08-27 17:00:00,199.26,DE,smard_de_dayahead,2026-08-28 21:50:44.282640
2026-08-27 18:00:00,191.49,DE,smard_de_dayahead,2026-08-28 21:50:44.282640
2026-08-27 19:00:00,175.92,DE,smard_de_dayahead,2026-08-28 21:50:44.282640
2026-08-27 20:00:00,164.92,DE,smard_de_dayahead,2026-08-28 21:50:44.282640
2026-08-27 21:00:00,150.39,DE,smard_de_dayahead,2026-08-28 21:50:44.282640
2026-08-27 22:00:00,139.52,DE,smard_de_dayahead,2026-08-28 21:50:44.282640
2026-08-27 23:00:00,139.29,DE,smard_de_dayahead,2026-08-28 21:50:44.282640
2026-08-28 00:00:00,138.24,DE,smard_de_dayahead,2026-08-28 21:50:44.282640
2026-08-28 01:00:00,138.8,DE,smard_de_dayahead,2026-08-28 21:50:44.282640
2026-08-28 02:00:00,139.09,DE,smard_de_dayahead,2026-08-28 21:50:44.282640
2026-08-28 03:00:00,146.77,DE,smard_de_dayahead,2026-08-28 21:50:44.282640
2026-08-28 04:00:00,171.01,DE,smard_de_dayahead,2026-08-28 21:50:44.282640
2026-08-28 05:00:00,177.98,DE,smard_de_dayahead,2026-08-28 21:50:44.282640
2026-08-28 06:00:00,169.47,DE,smard_de_dayahead,2026-08-28 21:50:44.282640
2026-08-28 07:00:00,155.15,DE,smard_de_dayahead,2026-08-28 21:50:44.282640
2026-08-28 08:00:00,137.64,DE,smard_de_dayahead,2026-08-28 21:50:44.282640
2026-08-28 09:00:00,121.58,DE,smard_de_dayahead,2026-08-28 21:50:44.282640
2026-08-28 10:00:00,110.89,DE,smard_de_dayahead,2026-08-28 21:50:44.282640
2026-08-28 11:00:00,96.24,DE,smard_de_dayahead,2026-08-28 21:50:44.282640
2026-08-28 12:00:00,104.0,DE,smard_de_dayahead,2026-08-28 21:50:44.282640
2026-08-28 13:00:00,114.37,DE,smard_de_dayahead,2026-08-28 21:50:44.282640
2026-08-28 14:00:00,119.56,DE,smard_de_dayahead,2026-08-28 21:50:44.282640
2026-08-28 15:00:00,143.2,DE,smard_de_dayahead,2026-08-28 21:50:44.282640
2026-08-28 16:00:00,160.48,DE,smard_de_dayahead,2026-08-28 21:50:44.282640
2026-08-28 17:00:00,172.54,DE,smard_de_dayahead,2026-08-28 21:50:44.282640
2026-08-28 18:00:00,176.77,DE,smard_de_dayahead,2026-08-28 21:50:44.282640
2026-08-28 19:00:00,166.11,DE,smard_de_dayahead,2026-08-28 21:50:44.282640
2026-08-28 20:00:00,161.45,DE,smard_de_dayahead,2026-08-28 21:50:44.282640
2026-08-28 21:00:00,145.13,DE,smard_de_dayahead,2026-08-28 21:50:44.282640
2026-08-28 22:00:00,130.52,DE,smard_de_dayahead,2026-08-28 21:50:44.282640
2026-08-28 23:00:00,112.36,DE,smard_de_dayahead,2026-08-28 21:50:44.282640
2026-08-25 22:15:00,172.5066257497559,PL,pse_pl_rce,2026-08-28 21:52:52.734424
2026-08-25 22:30:00,158.23220346863812,PL,pse_pl_rce,2026-08-28 21:52:52.734424
2026-08-25 22:45:00,152.0225972939043,PL,pse_pl_rce,2026-08-28 21:52:52.734424
2026-08-25 23:00:00,151.68549774492027,PL,pse_pl_rce,2026-08-28 21:52:52.734424
2026-08-25 23:15:00,152.78746454642675,PL,pse_pl_rce,2026-08-28 21:52:52.734424
2026-08-25 23:30:00,148.76551820337565,PL,pse_pl_rce,2026-08-28 21:52:52.734424
2026-08-25 23:45:00,150.64862602873484,PL,pse_pl_rce,2026-08-28 21:52:52.734424
2026-08-26 00:00:00,149.9023573720184,PL,pse_pl_rce,2026-08-28 21:52:52.734424
2026-08-26 00:15:00,145.1387920212024,PL,pse_pl_rce,2026-08-28 21:52:52.734424
2026-08-26 00:30:00,143.99497837913236,PL,pse_pl_rce,2026-08-28 21:52:52.734424
2026-08-26 00:45:00,143.61138234063327,PL,pse_pl_rce,2026-08-28 21:52:52.734424
2026-08-26 01:00:00,143.13246849862833,PL,pse_pl_rce,2026-08-28 21:52:52.734424
2026-08-26 01:15:00,140.1985400102292,PL,pse_pl_rce,2026-08-28 21:52:52.734424
2026-08-26 01:30:00,140.2334123773655,PL,pse_pl_rce,2026-08-28 21:52:52.734424
2026-08-26 01:45:00,142.05142511740362,PL,pse_pl_rce,2026-08-28 21:52:52.734424
2026-08-26 02:00:00,145.5223880597015,PL,pse_pl_rce,2026-08-28 21:52:52.734424
2026-08-26 02:15:00,143.16734086576463,PL,pse_pl_rce,2026-08-28 21:52:52.734424
2026-08-26 02:30:00,145.99665225275493,PL,pse_pl_rce,2026-08-28 21:52:52.734424
2026-08-26 02:45:00,144.9249081694332,PL,pse_pl_rce,2026-08-28 21:52:52.734424
2026-08-26 03:00:00,152.1295392197889,PL,pse_pl_rce,2026-08-28 21:52:52.734424
2026-08-26 03:15:00,148.9956758264751,PL,pse_pl_rce,2026-08-28 21:52:52.734424
2026-08-26 03:30:00,149.7675175524248,PL,pse_pl_rce,2026-08-28 21:52:52.734424
2026-08-26 03:45:00,159.14120983865718,PL,pse_pl_rce,2026-08-28 21:52:52.734424
2026-08-26 04:00:00,166.34584088901286,PL,pse_pl_rce,2026-08-28 21:52:52.734424
2026-08-26 04:15:00,174.9267680290138,PL,pse_pl_rce,2026-08-28 21:52:52.734424
2026-08-26 04:30:00,185.73720184126097,PL,pse_pl_rce,2026-08-28 21:52:52.734424
2026-08-26 04:45:00,193.38587436648533,PL,pse_pl_rce,2026-08-28 21:52:52.734424
2026-08-26 05:00:00,195.34570139954434,PL,pse_pl_rce,2026-08-28 21:52:52.734424
2026-08-26 05:15:00,203.11758962198354,PL,pse_pl_rce,2026-08-28 21:52:52.734424
2026-08-26 05:30:00,199.1514390663505,PL,pse_pl_rce,2026-08-28 21:52:52.734424
2026-08-26 05:45:00,196.13381689682427,PL,pse_pl_rce,2026-08-28 21:52:52.734424
2026-08-26 06:00:00,183.5681406053843,PL,pse_pl_rce,2026-08-28 21:52:52.734424
2026-08-26 06:15:00,185.9301622727484,PL,pse_pl_rce,2026-08-28 21:52:52.734424
2026-08-26 06:30:00,179.46947505463336,PL,pse_pl_rce,2026-08-28 21:52:52.734424
2026-08-26 06:45:00,165.69256521132655,PL,pse_pl_rce,2026-08-28 21:52:52.734424
2026-08-26 07:00:00,149.14678941739896,PL,pse_pl_rce,2026-08-28 21:52:52.734424
2026-08-26 07:15:00,167.53615102059794,PL,pse_pl_rce,2026-08-28 21:52:52.734424
2026-08-26 07:30:00,138.88268935695353,PL,pse_pl_rce,2026-08-28 21:52:52.734424
2026-08-26 07:45:00,110.26410006044544,PL,pse_pl_rce,2026-08-28 21:52:52.734424
2026-08-26 08:00:00,105.39591760822059,PL,pse_pl_rce,2026-08-28 21:52:52.734424
2026-08-26 08:15:00,109.5480541219138,PL,pse_pl_rce,2026-08-28 21:52:52.734424
2026-08-26 08:30:00,100.9462035616311,PL,pse_pl_rce,2026-08-28 21:52:52.734424
2026-08-26 08:45:00,102.231831496722,PL,pse_pl_rce,2026-08-28 21:52:52.734424
2026-08-26 09:00:00,97.66587622634492,PL,pse_pl_rce,2026-08-28 21:52:52.734424
2026-08-26 09:15:00,92.26530896917282,PL,pse_pl_rce,2026-08-28 21:52:52.734424
2026-08-26 09:30:00,88.12479657785838,PL,pse_pl_rce,2026-08-28 21:52:52.734424
2026-08-26 09:45:00,71.56274701260054,PL,pse_pl_rce,2026-08-28 21:52:52.734424
2026-08-26 10:00:00,44.38554889105872,PL,pse_pl_rce,2026-08-28 21:52:52.734424
2026-08-26 10:15:00,48.79109127260892,PL,pse_pl_rce,2026-08-28 21:52:52.734424
2026-08-26 10:30:00,40.968056911703165,PL,pse_pl_rce,2026-08-28 21:52:52.734424
2026-08-26 10:45:00,46.696424419956294,PL,pse_pl_rce,2026-08-28 21:52:52.734424
2026-08-26 11:00:00,45.04812386664807,PL,pse_pl_rce,2026-08-28 21:52:52.734424
2026-08-26 11:15:00,39.12912075138327,PL,pse_pl_rce,2026-08-28 21:52:52.734424
2026-08-26 11:30:00,49.546659227228346,PL,pse_pl_rce,2026-08-28 21:52:52.734424
2026-08-26 11:45:00,56.43511414888176,PL,pse_pl_rce,2026-08-28 21:52:52.734424
2026-08-26 12:00:00,60.91272608918026,PL,pse_pl_rce,2026-08-28 21:52:52.734424
2026-08-26 12:15:00,58.98777142325754,PL,pse_pl_rce,2026-08-28 21:52:52.734424
2026-08-26 12:30:00,73.13897800716046,PL,pse_pl_rce,2026-08-28 21:52:52.734424
2026-08-26 12:45:00,76.70293392848839,PL,pse_pl_rce,2026-08-28 21:52:52.734424
2026-08-26 13:00:00,90.32408053191983,PL,pse_pl_rce,2026-08-28 21:52:52.734424
2026-08-26 13:15:00,82.56846608081091,PL,pse_pl_rce,2026-08-28 21:52:52.734424
2026-08-26 13:30:00,93.32775375459153,PL,pse_pl_rce,2026-08-28 21:52:52.734424
2026-08-26 13:45:00,96.78011810108337,PL,pse_pl_rce,2026-08-28 21:52:52.734424
2026-08-26 14:00:00,101.43209187706329,PL,pse_pl_rce,2026-08-28 21:52:52.734424
2026-08-26 14:15:00,96.90565862277397,PL,pse_pl_rce,2026-08-28 21:52:52.734424
2026-08-26 14:30:00,106.8745059747989,PL,pse_pl_rce,2026-08-28 21:52:52.734424
2026-08-26 14:45:00,115.93667178128051,PL,pse_pl_rce,2026-08-28 21:52:52.734424
2026-08-26 15:00:00,128.03040870414284,PL,pse_pl_rce,2026-08-28 21:52:52.734424
2026-08-26 15:15:00,126.76337936485795,PL,pse_pl_rce,2026-08-28 21:52:52.734424
2026-08-26 15:30:00,141.3842004928628,PL,pse_pl_rce,2026-08-28 21:52:52.734424
2026-08-26 15:45:00,168.9403450039522,PL,pse_pl_rce,2026-08-28 21:52:52.734424
2026-08-26 16:00:00,187.0321290742549,PL,pse_pl_rce,2026-08-28 21:52:52.734424
2026-08-26 16:15:00,172.73213372390384,PL,pse_pl_rce,2026-08-28 21:52:52.734424
2026-08-26 16:30:00,186.05105314548751,PL,pse_pl_rce,2026-08-28 21:52:52.734424
2026-08-26 16:45:00,213.38168968242897,PL,pse_pl_rce,2026-08-28 21:52:52.734424
2026-08-26 17:00:00,240.07299948853864,PL,pse_pl_rce,2026-08-28 21:52:52.734424
2026-08-26 17:15:00,221.63016692239736,PL,pse_pl_rce,2026-08-28 21:52:52.734424
2026-08-26 17:30:00,233.90524015436833,PL,pse_pl_rce,2026-08-28 21:52:52.734424
2026-08-26 17:45:00,235.11182405728366,PL,pse_pl_rce,2026-08-28 21:52:52.734424
2026-08-26 18:00:00,238.6618310317571,PL,pse_pl_rce,2026-08-28 21:52:52.734424
2026-08-26 18:15:00,238.6874041009904,PL,pse_pl_rce,2026-08-28 21:52:52.734424
2026-08-26 18:30:00,230.185520993165,PL,pse_pl_rce,2026-08-28 21:52:52.734424
2026-08-26 18:45:00,219.10773236620636,PL,pse_pl_rce,2026-08-28 21:52:52.734424
2026-08-26 19:00:00,201.86450922955316,PL,pse_pl_rce,2026-08-28 21:52:52.734424
2026-08-26 19:15:00,202.29227693309156,PL,pse_pl_rce,2026-08-28 21:52:52.734424
2026-08-26 19:30:00,189.6266331891942,PL,pse_pl_rce,2026-08-28 21:52:52.734424
2026-08-26 19:45:00,179.42530338959406,PL,pse_pl_rce,2026-08-28 21:52:52.734424
2026-08-26 20:00:00,159.7944855163435,PL,pse_pl_rce,2026-08-28 21:52:52.734424
2026-08-26 20:15:00,158.62974845399174,PL,pse_pl_rce,2026-08-28 21:52:52.734424
2026-08-26 20:30:00,170.25852048170364,PL,pse_pl_rce,2026-08-28 21:52:52.734424
2026-08-26 20:45:00,169.77728181522295,PL,pse_pl_rce,2026-08-28 21:52:52.734424
2026-08-26 21:00:00,165.46938206165433,PL,pse_pl_rce,2026-08-28 21:52:52.734424
2026-08-26 21:15:00,168.22894871437205,PL,pse_pl_rce,2026-08-28 21:52:52.734424
2026-08-26 21:30:00,161.57297624029385,PL,pse_pl_rce,2026-08-28 21:52:52.734424
2026-08-26 21:45:00,149.3025526572744,PL,pse_pl_rce,2026-08-28 21:52:52.734424
2026-08-26 22:00:00,137.4296740596085,PL,pse_pl_rce,2026-08-28 21:52:52.734424
2026-08-26 22:15:00,146.15704580117392,PL,pse_pl_rce,2026-08-28 21:52:52.734424
2026-08-26 22:30:00,148.31538568193375,PL,pse_pl_rce,2026-08-28 21:52:52.734424
2026-08-26 22:45:00,140.897536627074,PL,pse_pl_rce,2026-08-28 21:52:52.734424
2026-08-26 23:00:00,141.76641863474603,PL,pse_pl_rce,2026-08-28 21:52:52.734424
2026-08-26 23:15:00,141.8542311780746,PL,pse_pl_rce,2026-08-28 21:52:52.734424
2026-08-26 23:30:00,136.8674030595739,PL,pse_pl_rce,2026-08-28 21:52:52.734424
2026-08-26 23:45:00,136.14641586171834,PL,pse_pl_rce,2026-08-28 21:52:52.734424
2026-08-27 00:00:00,133.23935850626242,PL,pse_pl_rce,2026-08-28 21:52:52.734424
2026-08-27 00:15:00,134.53343809215696,PL,pse_pl_rce,2026-08-28 21:52:52.734424
2026-08-27 00:30:00,132.41207191385126,PL,pse_pl_rce,2026-08-28 21:52:52.734424
2026-08-27 00:45:00,131.6286915931044,PL,pse_pl_rce,2026-08-28 21:52:52.734424
2026-08-27 01:00:00,132.72634838471137,PL,pse_pl_rce,2026-08-28 21:52:52.734424
2026-08-27 01:15:00,129.96718583907196,PL,pse_pl_rce,2026-08-28 21:52:52.734424
2026-08-27 01:30:00,130.60498220640568,PL,pse_pl_rce,2026-08-28 21:52:52.734424
2026-08-27 01:45:00,131.34907796829503,PL,pse_pl_rce,2026-08-28 21:52:52.734424
2026-08-27 02:00:00,133.4496464389703,PL,pse_pl_rce,2026-08-28 21:52:52.734424
2026-08-27 02:15:00,132.2456902528077,PL,pse_pl_rce,2026-08-28 21:52:52.734424
2026-08-27 02:30:00,134.14059250358184,PL,pse_pl_rce,2026-08-28 21:52:52.734424
2026-08-27 02:45:00,137.35268290428434,PL,pse_pl_rce,2026-08-28 21:52:52.734424
2026-08-27 03:00:00,142.4273235661136,PL,pse_pl_rce,2026-08-28 21:52:52.734424
2026-08-27 03:15:00,140.11646716273052,PL,pse_pl_rce,2026-08-28 21:52:52.734424
2026-08-27 03:30:00,142.74160003697372,PL,pse_pl_rce,2026-08-28 21:52:52.734424
2026-08-27 03:45:00,149.54013957572676,PL,pse_pl_rce,2026-08-28 21:52:52.734424
2026-08-27 04:00:00,162.4000554605537,PL,pse_pl_rce,2026-08-28 21:52:52.734424
2026-08-27 04:15:00,162.22211951749318,PL,pse_pl_rce,2026-08-28 21:52:52.734424
2026-08-27 04:30:00,173.54069418126358,PL,pse_pl_rce,2026-08-28 21:52:52.734424
2026-08-27 04:45:00,177.10865646808708,PL,pse_pl_rce,2026-08-28 21:52:52.734424
2026-08-27 05:00:00,178.73087766326202,PL,pse_pl_rce,2026-08-28 21:52:52.734424
2026-08-27 05:15:00,182.5761427184915,PL,pse_pl_rce,2026-08-28 21:52:52.734424
2026-08-27 05:30:00,176.89374682257244,PL,pse_pl_rce,2026-08-28 21:52:52.734424
2026-08-27 05:45:00,170.94560244026437,PL,pse_pl_rce,2026-08-28 21:52:52.734424
2026-08-27 06:00:00,147.53893793039703,PL,pse_pl_rce,2026-08-28 21:52:52.734424
2026-08-27 06:15:00,159.18334334704443,PL,pse_pl_rce,2026-08-28 21:52:52.734424
2026-08-27 06:30:00,154.9059481443823,PL,pse_pl_rce,2026-08-28 21:52:52.734424
2026-08-27 06:45:00,143.49031751166984,PL,pse_pl_rce,2026-08-28 21:52:52.734424
2026-08-27 07:00:00,119.56371031104126,PL,pse_pl_rce,2026-08-28 21:52:52.734424
2026-08-27 07:15:00,133.8008966122845,PL,pse_pl_rce,2026-08-28 21:52:52.734424
2026-08-27 07:30:00,112.54795027037021,PL,pse_pl_rce,2026-08-28 21:52:52.734424
2026-08-27 07:45:00,100.00231085640338,PL,pse_pl_rce,2026-08-28 21:52:52.734424
2026-08-27 08:00:00,85.22669501317188,PL,pse_pl_rce,2026-08-28 21:52:52.734424
2026-08-27 08:15:00,87.75015020566623,PL,pse_pl_rce,2026-08-28 21:52:52.734424
2026-08-27 08:30:00,74.14382770254657,PL,pse_pl_rce,2026-08-28 21:52:52.734424
2026-08-27 08:45:00,27.362850672459214,PL,pse_pl_rce,2026-08-28 21:52:52.734424
2026-08-27 09:00:00,20.139113555483664,PL,pse_pl_rce,2026-08-28 21:52:52.734424
2026-08-27 09:15:00,11.759948236816564,PL,pse_pl_rce,2026-08-28 21:52:52.734424
2026-08-27 09:30:00,-6.211582012293756,PL,pse_pl_rce,2026-08-28 21:52:52.734424
2026-08-27 09:45:00,-15.88020520404862,PL,pse_pl_rce,2026-08-28 21:52:52.734424
2026-08-27 10:00:00,-42.36493044322226,PL,pse_pl_rce,2026-08-28 21:52:52.734424
2026-08-27 10:15:00,-5.871886120996441,PL,pse_pl_rce,2026-08-28 21:52:52.734424
2026-08-27 10:30:00,-18.461431806627537,PL,pse_pl_rce,2026-08-28 21:52:52.734424
2026-08-27 10:45:00,-27.452974072191154,PL,pse_pl_rce,2026-08-28 21:52:52.734424
2026-08-27 11:00:00,-23.083144613393724,PL,pse_pl_rce,2026-08-28 21:52:52.734424
2026-08-27 11:15:00,-11.367102648241438,PL,pse_pl_rce,2026-08-28 21:52:52.734424
2026-08-27 11:30:00,-7.057355455931968,PL,pse_pl_rce,2026-08-28 21:52:52.734424
2026-08-27 11:45:00,-29.740721911540415,PL,pse_pl_rce,2026-08-28 21:52:52.734424
2026-08-27 12:00:00,-16.8808060267135,PL,pse_pl_rce,2026-08-28 21:52:52.734424
2026-08-27 12:15:00,-10.354947543559645,PL,pse_pl_rce,2026-08-28 21:52:52.734424
2026-08-27 12:30:00,-27.690992281739614,PL,pse_pl_rce,2026-08-28 21:52:52.734424
2026-08-27 12:45:00,1.9919582197162267,PL,pse_pl_rce,2026-08-28 21:52:52.734424
2026-08-27 13:00:00,8.815917178906503,PL,pse_pl_rce,2026-08-28 21:52:52.734424
2026-08-27 13:15:00,-5.363497712252161,PL,pse_pl_rce,2026-08-28 21:52:52.734424
2026-08-27 13:30:00,25.202199935296022,PL,pse_pl_rce,2026-08-28 21:52:52.734424
2026-08-27 13:45:00,44.15584415584416,PL,pse_pl_rce,2026-08-28 21:52:52.734424
2026-08-27 14:00:00,72.82895040902159,PL,pse_pl_rce,2026-08-28 21:52:52.734424
2026-08-27 14:15:00,62.24522808152702,PL,pse_pl_rce,2026-08-28 21:52:52.734424
2026-08-27 14:30:00,85.23824929518881,PL,pse_pl_rce,2026-08-28 21:52:52.734424
2026-08-27 14:45:00,102.51652262328419,PL,pse_pl_rce,2026-08-28 21:52:52.734424
2026-08-27 15:00:00,116.81610204741877,PL,pse_pl_rce,2026-08-28 21:52:52.734424
2026-08-27 15:15:00,109.03082682442113,PL,pse_pl_rce,2026-08-28 21:52:52.734424
2026-08-27 15:30:00,125.45870499607155,PL,pse_pl_rce,2026-08-28 21:52:52.734424
2026-08-27 15:45:00,156.90946064611546,PL,pse_pl_rce,2026-08-28 21:52:52.734424
2026-08-27 16:00:00,176.34607385497065,PL,pse_pl_rce,2026-08-28 21:52:52.734424
2026-08-27 16:15:00,158.76045662522532,PL,pse_pl_rce,2026-08-28 21:52:52.734424
2026-08-27 16:30:00,194.17895271987797,PL,pse_pl_rce,2026-08-28 21:52:52.734424
2026-08-27 16:45:00,229.70374820908629,PL,pse_pl_rce,2026-08-28 21:52:52.734424
2026-08-27 17:00:00,276.0918796505985,PL,pse_pl_rce,2026-08-28 21:52:52.734424
2026-08-27 17:15:00,213.7911910153903,PL,pse_pl_rce,2026-08-28 21:52:52.734424
2026-08-27 17:30:00,227.80422424550537,PL,pse_pl_rce,2026-08-28 21:52:52.734424
2026-08-27 17:45:00,228.79327078615336,PL,pse_pl_rce,2026-08-28 21:52:52.734424
2026-08-27 18:00:00,228.59222627905902,PL,pse_pl_rce,2026-08-28 21:52:52.734424
2026-08-27 18:15:00,217.34297730739013,PL,pse_pl_rce,2026-08-28 21:52:52.734424
2026-08-27 18:30:00,205.84184498775247,PL,pse_pl_rce,2026-08-28 21:52:52.734424
2026-08-27 18:45:00,199.25128252530388,PL,pse_pl_rce,2026-08-28 21:52:52.734424
2026-08-27 19:00:00,187.73166335443915,PL,pse_pl_rce,2026-08-28 21:52:52.734424
2026-08-27 19:15:00,196.2448583445025,PL,pse_pl_rce,2026-08-28 21:52:52.734424
2026-08-27 19:30:00,171.75671303785182,PL,pse_pl_rce,2026-08-28 21:52:52.734424
2026-08-27 19:45:00,143.36322040948374,PL,pse_pl_rce,2026-08-28 21:52:52.734424
2026-08-27 20:00:00,138.2446734759902,PL,pse_pl_rce,2026-08-28 21:52:52.734424
2026-08-27 20:15:00,150.67939178259462,PL,pse_pl_rce,2026-08-28 21:52:52.734424
2026-08-27 20:30:00,152.0404862041873,PL,pse_pl_rce,2026-08-28 21:52:52.734424
2026-08-27 20:45:00,143.08822849748117,PL,pse_pl_rce,2026-08-28 21:52:52.734424
2026-08-27 21:00:00,133.24860193187595,PL,pse_pl_rce,2026-08-28 21:52:52.734424
2026-08-27 21:15:00,140.463095623238,PL,pse_pl_rce,2026-08-28 21:52:52.734424
2026-08-27 21:30:00,138.8316310024495,PL,pse_pl_rce,2026-08-28 21:52:52.734424
2026-08-27 21:45:00,126.97924850949762,PL,pse_pl_rce,2026-08-28 21:52:52.734424
2026-08-27 22:00:00,123.90580949299812,PL,pse_pl_rce,2026-08-28 21:52:52.734424
2026-08-27 22:15:00,128.55889955686854,PL,pse_pl_rce,2026-08-28 21:52:52.734424
2026-08-27 22:30:00,125.14771048744461,PL,pse_pl_rce,2026-08-28 21:52:52.734424
2026-08-27 22:45:00,119.72165805022158,PL,pse_pl_rce,2026-08-28 21:52:52.734424
2026-08-27 23:00:00,118.96925775480061,PL,pse_pl_rce,2026-08-28 21:52:52.734424
2026-08-27 23:15:00,119.294682422452,PL,pse_pl_rce,2026-08-28 21:52:52.734424
2026-08-27 23:30:00,114.83336410635155,PL,pse_pl_rce,2026-08-28 21:52:52.734424
2026-08-27 23:45:00,115.67346750369276,PL,pse_pl_rce,2026-08-28 21:52:52.734424
2026-08-28 00:00:00,114.32099335302807,PL,pse_pl_rce,2026-08-28 21:52:52.734424
2026-08-28 00:15:00,114.9210672082718,PL,pse_pl_rce,2026-08-28 21:52:52.734424
2026-08-28 00:30:00,114.98799852289514,PL,pse_pl_rce,2026-08-28 21:52:52.734424
2026-08-28 00:45:00,114.42716026587888,PL,pse_pl_rce,2026-08-28 21:52:52.734424
2026-08-28 01:00:00,115.58576440177254,PL,pse_pl_rce,2026-08-28 21:52:52.734424
2026-08-28 01:15:00,115.26495568685378,PL,pse_pl_rce,2026-08-28 21:52:52.734424
2026-08-28 01:30:00,120.11862998522896,PL,pse_pl_rce,2026-08-28 21:52:52.734424
2026-08-28 01:45:00,119.04311299852289,PL,pse_pl_rce,2026-08-28 21:52:52.734424
2026-08-28 02:00:00,120.78563515509603,PL,pse_pl_rce,2026-08-28 21:52:52.734424
2026-08-28 02:15:00,120.13478581979321,PL,pse_pl_rce,2026-08-28 21:52:52.734424
2026-08-28 02:30:00,121.24261447562779,PL,pse_pl_rce,2026-08-28 21:52:52.734424
2026-08-28 02:45:00,122.3966026587888,PL,pse_pl_rce,2026-08-28 21:52:52.734424
2026-08-28 03:00:00,127.24566100443133,PL,pse_pl_rce,2026-08-28 21:52:52.734424
2026-08-28 03:15:00,127.88727843426884,PL,pse_pl_rce,2026-08-28 21:52:52.734424
2026-08-28 03:30:00,128.49427621861153,PL,pse_pl_rce,2026-08-28 21:52:52.734424
2026-08-28 03:45:00,131.16691285081242,PL,pse_pl_rce,2026-08-28 21:52:52.734424
2026-08-28 04:00:00,140.65961964549484,PL,pse_pl_rce,2026-08-28 21:52:52.734424
2026-08-28 04:15:00,152.52031019202366,PL,pse_pl_rce,2026-08-28 21:52:52.734424
2026-08-28 04:30:00,159.8273633677991,PL,pse_pl_rce,2026-08-28 21:52:52.734424
2026-08-28 04:45:00,166.1996861152142,PL,pse_pl_rce,2026-08-28 21:52:52.734424
2026-08-28 05:00:00,164.2079025110783,PL,pse_pl_rce,2026-08-28 21:52:52.734424
2026-08-28 05:15:00,170.07939438700149,PL,pse_pl_rce,2026-08-28 21:52:52.734424
2026-08-28 05:30:00,170.72331979320535,PL,pse_pl_rce,2026-08-28 21:52:52.734424
2026-08-28 05:45:00,159.80889955686854,PL,pse_pl_rce,2026-08-28 21:52:52.734424
2026-08-28 06:00:00,146.86115214180208,PL,pse_pl_rce,2026-08-28 21:52:52.734424
2026-08-28 06:15:00,151.7194423929099,PL,pse_pl_rce,2026-08-28 21:52:52.734424
2026-08-28 06:30:00,127.09564254062037,PL,pse_pl_rce,2026-08-28 21:52:52.734424
2026-08-28 06:45:00,110.33511816838997,PL,pse_pl_rce,2026-08-28 21:52:52.734424
2026-08-28 07:00:00,105.65685007385525,PL,pse_pl_rce,2026-08-28 21:52:52.734424
2026-08-28 07:15:00,105.368353028065,PL,pse_pl_rce,2026-08-28 21:52:52.734424
2026-08-28 07:30:00,93.23070531757755,PL,pse_pl_rce,2026-08-28 21:52:52.734424
2026-08-28 07:45:00,75.86087518463812,PL,pse_pl_rce,2026-08-28 21:52:52.734424
2026-08-28 08:00:00,39.00480059084195,PL,pse_pl_rce,2026-08-28 21:52:52.734424
2026-08-28 08:15:00,46.10182791728213,PL,pse_pl_rce,2026-08-28 21:52:52.734424
2026-08-28 08:30:00,20.22941285081241,PL,pse_pl_rce,2026-08-28 21:52:52.734424
2026-08-28 08:45:00,16.654357459379614,PL,pse_pl_rce,2026-08-28 21:52:52.734424
2026-08-28 09:00:00,6.55926883308715,PL,pse_pl_rce,2026-08-28 21:52:52.734424
2026-08-28 09:15:00,17.6906388478582,PL,pse_pl_rce,2026-08-28 21:52:52.734424
2026-08-28 09:30:00,17.14134047267356,PL,pse_pl_rce,2026-08-28 21:52:52.734424
2026-08-28 09:45:00,17.132108567208274,PL,pse_pl_rce,2026-08-28 21:52:52.734424
2026-08-28 10:00:00,10.9375,PL,pse_pl_rce,2026-08-28 21:52:52.734424
2026-08-28 10:15:00,22.03425036927622,PL,pse_pl_rce,2026-08-28 21:52:52.734424
2026-08-28 10:30:00,16.776680206794683,PL,pse_pl_rce,2026-08-28 21:52:52.734424
2026-08-28 10:45:00,16.848227474150665,PL,pse_pl_rce,2026-08-28 21:52:52.734424
2026-08-28 11:00:00,15.793482274741509,PL,pse_pl_rce,2026-08-28 21:52:52.734424
2026-08-28 11:15:00,15.828101920236337,PL,pse_pl_rce,2026-08-28 21:52:52.734424
2026-08-28 11:30:00,15.81887001477105,PL,pse_pl_rce,2026-08-28 21:52:52.734424
2026-08-28 11:45:00,15.786558345642543,PL,pse_pl_rce,2026-08-28 21:52:52.734424
2026-08-28 12:00:00,15.749630723781388,PL,pse_pl_rce,2026-08-28 21:52:52.734424
2026-08-28 12:15:00,17.08133308714919,PL,pse_pl_rce,2026-08-28 21:52:52.734424
2026-08-28 12:30:00,17.637555391432794,PL,pse_pl_rce,2026-08-28 21:52:52.734424
2026-08-28 12:45:00,17.000553914327917,PL,pse_pl_rce,2026-08-28 21:52:52.734424
2026-08-28 13:00:00,26.327086410635154,PL,pse_pl_rce,2026-08-28 21:52:52.734424
2026-08-28 13:15:00,21.579579025110785,PL,pse_pl_rce,2026-08-28 21:52:52.734424
2026-08-28 13:30:00,23.83677991137371,PL,pse_pl_rce,2026-08-28 21:52:52.734424
2026-08-28 13:45:00,38.409342688330874,PL,pse_pl_rce,2026-08-28 21:52:52.734424
2026-08-28 14:00:00,56.974704579025115,PL,pse_pl_rce,2026-08-28 21:52:52.734424
2026-08-28 14:15:00,61.35985967503694,PL,pse_pl_rce,2026-08-28 21:52:52.734424
2026-08-28 14:30:00,93.16146602658789,PL,pse_pl_rce,2026-08-28 21:52:52.734424
2026-08-28 14:45:00,101.12398449039883,PL,pse_pl_rce,2026-08-28 21:52:52.734424
2026-08-28 15:00:00,118.3091765140325,PL,pse_pl_rce,2026-08-28 21:52:52.734424
2026-08-28 15:15:00,110.68823855243723,PL,pse_pl_rce,2026-08-28 21:52:52.734424
2026-08-28 15:30:00,127.65648079763665,PL,pse_pl_rce,2026-08-28 21:52:52.734424
2026-08-28 15:45:00,155.81610044313146,PL,pse_pl_rce,2026-08-28 21:52:52.734424
2026-08-28 16:00:00,170.3632754800591,PL,pse_pl_rce,2026-08-28 21:52:52.734424
2026-08-28 16:15:00,150.30465288035452,PL,pse_pl_rce,2026-08-28 21:52:52.734424
2026-08-28 16:30:00,162.772341211226,PL,pse_pl_rce,2026-08-28 21:52:52.734424
2026-08-28 16:45:00,174.48301329394388,PL,pse_pl_rce,2026-08-28 21:52:52.734424
2026-08-28 17:00:00,174.84767355982277,PL,pse_pl_rce,2026-08-28 21:52:52.734424
2026-08-28 17:15:00,167.00055391432792,PL,pse_pl_rce,2026-08-28 21:52:52.734424
2026-08-28 17:30:00,178.83354874446087,PL,pse_pl_rce,2026-08-28 21:52:52.734424
2026-08-28 17:45:00,184.20190177252587,PL,pse_pl_rce,2026-08-28 21:52:52.734424
2026-08-28 18:00:00,190.62961595273265,PL,pse_pl_rce,2026-08-28 21:52:52.734424
2026-08-28 18:15:00,182.21704209748893,PL,pse_pl_rce,2026-08-28 21:52:52.734424
2026-08-28 18:30:00,180.0198485967504,PL,pse_pl_rce,2026-08-28 21:52:52.734424
2026-08-28 18:45:00,180.13293943870016,PL,pse_pl_rce,2026-08-28 21:52:52.734424
2026-08-28 19:00:00,175.28618906942395,PL,pse_pl_rce,2026-08-28 21:52:52.734424
2026-08-28 19:15:00,170.16017355982277,PL,pse_pl_rce,2026-08-28 21:52:52.734424
2026-08-28 19:30:00,167.667559084195,PL,pse_pl_rce,2026-08-28 21:52:52.734424
2026-08-28 19:45:00,165.4980612998523,PL,pse_pl_rce,2026-08-28 21:52:52.734424
2026-08-28 20:00:00,157.04625184638113,PL,pse_pl_rce,2026-08-28 21:52:52.734424
2026-08-28 20:15:00,168.7384601181684,PL,pse_pl_rce,2026-08-28 21:52:52.734424
2026-08-28 20:30:00,162.05456056129987,PL,pse_pl_rce,2026-08-28 21:52:52.734424
2026-08-28 20:45:00,154.55825332348596,PL,pse_pl_rce,2026-08-28 21:52:52.734424
2026-08-28 21:00:00,148.08207163958642,PL,pse_pl_rce,2026-08-28 21:52:52.734424
2026-08-28 21:15:00,147.28581979320532,PL,pse_pl_rce,2026-08-28 21:52:52.734424
2026-08-28 21:30:00,146.2241506646972,PL,pse_pl_rce,2026-08-28 21:52:52.734424
2026-08-28 21:45:00,139.61410635155096,PL,pse_pl_rce,2026-08-28 21:52:52.734424
2026-08-28 22:00:00,134.53655834564253,PL,pse_pl_rce,2026-08-28 21:52:52.734424
